Unnamed: 0,TestTime,IP,MeanThroughputMbps,MinRTT,City,Latitude,Longitude,ProviderNumber,ProviderName
210,2020-01-01 13:19:34.143299+00:00,b'&\x01\x01\x9b\x84\x00+ \x8d\xd8\x87\xe6_H\x04\xd7',5.054837800853719,16.707,Weymouth,42.2123,-70.9619,7922.0,"COMCAST-7922 - Comcast Cable Communications, Inc."
3574,2020-01-05 20:30:16.473434+00:00,b'&\x01\x01\x9b\x84\x01V\x804\x18\x16wS\xe4\xb8\xc1',3.731246267816274,19.531,Weymouth,42.2123,-70.9619,7922.0,"COMCAST-7922 - Comcast Cable Communications, Inc."
3680,2020-01-05 20:46:48.744821+00:00,b'KC\x12\xb5',0.3886205397212204,256.268,Weymouth,42.2123,-70.9619,7922.0,"COMCAST-7922 - Comcast Cable Communications, Inc."
8241,2020-01-10 13:03:53.500237+00:00,b'&\x01\x01\x9b\x84\x01P`hH\xb6\xa2S\x08\ri',7.638354690658898,45.895,Weymouth,42.2123,-70.9619,7922.0,"COMCAST-7922 - Comcast Cable Communications, Inc."
10766,2020-01-13 01:23:28.167619+00:00,b'&\x01\x01\x9b\x84\x01 \xe0\xa5\xc9\xc1\x17p\x14\xfby',16.79284918693858,21.92,Weymouth,42.2123,-70.9619,7922.0,"COMCAST-7922 - Comcast Cable Communications, Inc."
13201,2020-01-15 17:06:16.215647+00:00,b'&\x01\x01\x9b\x84\x01 \xe0\xa5\xc9\xc1\x17p\x14\xfby',17.296387208766387,19.156,Weymouth,42.2123,-70.9619,7922.0,"COMCAST-7922 - Comcast Cable Communications, Inc."
13364,2020-01-15 20:38:12.281315+00:00,"b'&\x01\x01\x9b\x84\x00\xc4\xa0\xb0G\xec\x0f\x07\x1b,\xf4'",5.380014969659723,19.477,Weymouth,42.2123,-70.9619,7922.0,"COMCAST-7922 - Comcast Cable Communications, Inc."
14351,2020-01-17 01:20:26.324146+00:00,b'&\x01\x01\x9b\x84\x00R@\xd4\x98\x9et\x8a\xd9\xb8\x17',5.444515097233416,18.195,Weymouth,42.2123,-70.9619,7922.0,"COMCAST-7922 - Comcast Cable Communications, Inc."
14377,2020-01-17 17:16:58.890823+00:00,b'&\x01\x01\x9b\x84\x00+ \t^\x875\xf3g\xd8\xaf',4.199171919298402,19.215,Weymouth,42.2123,-70.9619,7922.0,"COMCAST-7922 - Comcast Cable Communications, Inc."
14664,2020-01-17 01:00:53.584726+00:00,"b""&\x01\x01\x9b\x84\x00R@\xd0#J'\x97\\\x90\xad""",5.543336484432038,16.788,Weymouth,42.2123,-70.9619,7922.0,"COMCAST-7922 - Comcast Cable Communications, Inc."
14847,2020-01-17 17:17:35.530392+00:00,b'&\x01\x01\x9b\x84\x00+ 5IE>\xd8n\xb7q',5.820232851721177,18.335,Weymouth,42.2123,-70.9619,7922.0,"COMCAST-7922 - Comcast Cable Communications, Inc."
14923,2020-01-17 01:19:39.922408+00:00,b'&\x01\x01\x9b\x84\x00R@\xd4\x98\x9et\x8a\xd9\xb8\x17',5.673687385255681,17.847,Weymouth,42.2123,-70.9619,7922.0,"COMCAST-7922 - Comcast Cable Communications, Inc."
19244,2020-01-22 01:29:09.357594+00:00,b'KDo\x8e',5.621901722872248,22.294,Weymouth,42.2123,-70.9619,7922.0,"COMCAST-7922 - Comcast Cable Communications, Inc."
20699,2020-01-24 20:53:42.212534+00:00,b'&\x01\x01\x9b\x84\x00\xcb\xc0\xe9\x99\x80|\x82\xf6\xe5\xfd',11.334062941029709,21.99,Weymouth,42.2123,-70.9619,7922.0,"COMCAST-7922 - Comcast Cable Communications, Inc."
20742,2020-01-24 20:53:08.737964+00:00,b'&\x01\x01\x9b\x84\x00\xcb\xc0\x15\xc5_1\x88\xe8\x87 ',9.566373491898544,27.496,Weymouth,42.2123,-70.9619,7922.0,"COMCAST-7922 - Comcast Cable Communications, Inc."
20810,2020-01-24 20:53:00.984818+00:00,b'&\x01\x01\x9b\x84\x00\xcb\xc0\xe9\x99\x80|\x82\xf6\xe5\xfd',9.141311449566288,28.317,Weymouth,42.2123,-70.9619,7922.0,"COMCAST-7922 - Comcast Cable Communications, Inc."
20923,2020-01-24 20:48:42.439418+00:00,b'&\x01\x01\x9b\x84\x00@\x00\x14\x0b\n\x952\xa2\x83\x9b',40.23354978587694,19.855,Weymouth,42.2123,-70.9619,7922.0,"COMCAST-7922 - Comcast Cable Communications, Inc."
21307,2020-01-24 20:53:29.523355+00:00,b'b\xd9\xa2:',4.433183134688616,16.891,Weymouth,42.2123,-70.9619,7922.0,"COMCAST-7922 - Comcast Cable Communications, Inc."
21347,2020-01-24 20:53:23.418634+00:00,b'&\x01\x01\x9b\x84\x00@\x00\x14\x0b\n\x952\xa2\x83\x9b',17.128333314838162,18.028,Weymouth,42.2123,-70.9619,7922.0,"COMCAST-7922 - Comcast Cable Communications, Inc."
21437,2020-01-24 20:52:30.910787+00:00,b'&\x01\x01\x9b\x84\x00\xcb\xc0\xe9\x99\x80|\x82\xf6\xe5\xfd',11.709731840330337,23.735,Weymouth,42.2123,-70.9619,7922.0,"COMCAST-7922 - Comcast Cable Communications, Inc."
21482,2020-01-24 20:45:47.531571+00:00,b'&\x01\x01\x9b\x84\x00@\x00\x14\x0b\n\x952\xa2\x83\x9b',12.957721778826308,20.034,Weymouth,42.2123,-70.9619,7922.0,"COMCAST-7922 - Comcast Cable Communications, Inc."
21489,2020-01-24 20:47:12.485186+00:00,b'&\x01\x01\x9b\x84\x00@\x00\x14\x0b\n\x952\xa2\x83\x9b',40.30390298416831,18.254,Weymouth,42.2123,-70.9619,7922.0,"COMCAST-7922 - Comcast Cable Communications, Inc."
21611,2020-01-24 20:52:12.327958+00:00,b'&\x01\x01\x9b\x84\x00\xcb\xc0\x15\xc5_1\x88\xe8\x87 ',11.462362646487412,23.142,Weymouth,42.2123,-70.9619,7922.0,"COMCAST-7922 - Comcast Cable Communications, Inc."
21908,2020-01-25 20:37:24.589898+00:00,b'KC\x12y',1.3007844393528674,18.781,Weymouth,42.2123,-70.9619,7922.0,"COMCAST-7922 - Comcast Cable Communications, Inc."
22618,2020-01-26 17:17:06.804639+00:00,"b'I\xa7""\xdb'",5.89499183013926,16.119,Weymouth,42.2123,-70.9619,7922.0,"COMCAST-7922 - Comcast Cable Communications, Inc."
26959,2020-01-31 20:36:13.521426+00:00,b'b\xd9\xa0\xb8',5.697575248741142,15.215,Weymouth,42.2123,-70.9619,7922.0,"COMCAST-7922 - Comcast Cable Communications, Inc."
27471,2020-01-31 20:37:00.361799+00:00,b'b\xd9\xa0\xb8',5.8566800321532,17.9,Weymouth,42.2123,-70.9619,7922.0,"COMCAST-7922 - Comcast Cable Communications, Inc."
33937,2020-02-08 01:17:42.204718+00:00,b'FX\xdf\x91',0.3329466230575447,154.862,Weymouth,42.2123,-70.9619,7922.0,"COMCAST-7922 - Comcast Cable Communications, Inc."
38513,2020-02-13 17:14:05.131640+00:00,b'Lw\xbf{',3.828209647744801,27.998,Weymouth,42.2123,-70.9619,7922.0,"COMCAST-7922 - Comcast Cable Communications, Inc."
46698,2020-02-22 17:06:51.631358+00:00,b'\x18>s\xd9',4.627418556910071,23.898,Weymouth,42.2123,-70.9619,7922.0,"COMCAST-7922 - Comcast Cable Communications, Inc."
61771,2020-03-11 12:11:34.237074+00:00,b'C\xbd\x95\xd6',11.707443332396814,20.1,Weymouth,42.2123,-70.9619,7922.0,"COMCAST-7922 - Comcast Cable Communications, Inc."
64516,2020-03-13 16:07:16.845722+00:00,"b'&\x01\x01\x9b\x84\x00\xf2?\x04\xde\x14O\x0e\xf0,Q'",5.811781020189718,17.015,Weymouth,42.2123,-70.9619,7922.0,"COMCAST-7922 - Comcast Cable Communications, Inc."
72112,2020-03-19 19:38:25.920403+00:00,b'&\x01\x01\x9b\x84\x00\xf0 \xd1\xcd$\xbc\x8a\xc2\x90\x85',5.07601247312107,25.658,Weymouth,42.2123,-70.9619,7922.0,"COMCAST-7922 - Comcast Cable Communications, Inc."
72904,2020-03-19 19:55:28.606306+00:00,b'I\xeeH\x92',5.710254728210832,21.66,Weymouth,42.2123,-70.9619,7922.0,"COMCAST-7922 - Comcast Cable Communications, Inc."
79835,2020-03-23 12:02:14.955260+00:00,b'&\x01\x01\x9b\x84\x00\xa9\xc0\x04\x90w\xc1\xe6\x91\xd4\xdb',14.99342262995624,18.418,Weymouth,42.2123,-70.9619,7922.0,"COMCAST-7922 - Comcast Cable Communications, Inc."
81110,2020-03-24 19:48:49.858690+00:00,b'C\xbd\x95\xd4',5.671516307140272,21.516,Weymouth,42.2123,-70.9619,7922.0,"COMCAST-7922 - Comcast Cable Communications, Inc."
83359,2020-03-25 00:22:43.231814+00:00,b'I\xeeH\x0c',5.898387119640072,16.506,Weymouth,42.2123,-70.9619,7922.0,"COMCAST-7922 - Comcast Cable Communications, Inc."
83644,2020-03-25 00:23:38.735900+00:00,b'I\xeeH\x0c',5.843235345620505,19.822,Weymouth,42.2123,-70.9619,7922.0,"COMCAST-7922 - Comcast Cable Communications, Inc."
84460,2020-03-26 00:16:58.530106+00:00,b'I\xeeH\x0c',0.331070807318419,22.049,Weymouth,42.2123,-70.9619,7922.0,"COMCAST-7922 - Comcast Cable Communications, Inc."
90359,2020-03-30 12:23:44.618331+00:00,b'Lw\xb8\x87',11.23456316655323,20.062,Weymouth,42.2123,-70.9619,7922.0,"COMCAST-7922 - Comcast Cable Communications, Inc."
91079,2020-03-30 00:01:09.336106+00:00,b'Lw\xbb\xdd',39.440037434156864,18.777,Weymouth,42.2123,-70.9619,7922.0,"COMCAST-7922 - Comcast Cable Communications, Inc."
92092,2020-03-31 16:03:32.533875+00:00,b'&\x01\x01\x9b\x84\x00\x06\x845aX\xfa\xb2\x11\xfa\x85',4.900805358508937,17.085,Weymouth,42.2123,-70.9619,7922.0,"COMCAST-7922 - Comcast Cable Communications, Inc."
92454,2020-03-31 16:23:53.441241+00:00,b'&\x01\x01\x9b\x84\x00\xdd`\xe8\xeaL\x91\x833\xcfz',9.817438469074744,21.715,Weymouth,42.2123,-70.9619,7922.0,"COMCAST-7922 - Comcast Cable Communications, Inc."
93345,2020-03-31 19:56:03.960663+00:00,b'&\x01\x01\x9b\x84\x00\xb7\x00H\xbaz\xfa\x86[\x1b\xe2',11.089951206905866,30.844,Weymouth,42.2123,-70.9619,7922.0,"COMCAST-7922 - Comcast Cable Communications, Inc."
94732,2020-04-01 16:20:42.959393+00:00,b'&\x01\x01\x9b\x84\x01\x05 \x0cv\xb03d\xb1\xc6\x80',2.020587031587317,19.398,Weymouth,42.2123,-70.9619,7922.0,"COMCAST-7922 - Comcast Cable Communications, Inc."
99102,2020-04-03 16:04:54.101586+00:00,b'D\xa3oZ',586.484996218862,8.033,Weymouth,42.2123,-70.9619,701.0,"UUNET - MCI Communications Services, Inc. d/b/a Verizon Business"
100279,2020-04-04 19:45:49.650878+00:00,b'&\x01\x01\x9b\x84\x01\x1e\xe0x?\xc4g\n \xa6\x01',5.2034709364707865,22.582,Weymouth,42.2123,-70.9619,7922.0,"COMCAST-7922 - Comcast Cable Communications, Inc."
100625,2020-04-04 19:57:48.709556+00:00,b'&\x01\x01\x9b\x84\x00\x82\xb0\xe5\x89\xdd\xe3`L\x9e6',5.79089083373824,17.646,Weymouth,42.2123,-70.9619,7922.0,"COMCAST-7922 - Comcast Cable Communications, Inc."
100934,2020-04-05 00:21:49.705601+00:00,b'I\xeeH+',7.400294330132671,36.861,Weymouth,42.2123,-70.9619,7922.0,"COMCAST-7922 - Comcast Cable Communications, Inc."
101026,2020-04-05 16:27:12.970885+00:00,b'C\xbd\x94m',3.8341282291352248,28.115,Weymouth,42.2123,-70.9619,7922.0,"COMCAST-7922 - Comcast Cable Communications, Inc."
101080,2020-04-05 16:25:32.546312+00:00,b'C\xbd\x94m',0.0705335452326375,231.948,Weymouth,42.2123,-70.9619,7922.0,"COMCAST-7922 - Comcast Cable Communications, Inc."
101113,2020-04-05 16:28:19.148646+00:00,b'C\xbd\x94m',5.705443186053746,17.715,Weymouth,42.2123,-70.9619,7922.0,"COMCAST-7922 - Comcast Cable Communications, Inc."
106343,2020-04-08 00:11:10.158757+00:00,b'&\x01\x01\x9b\x84\x01A\xa00\x8dJ\xba\xc5\xcdb\x80',5.799935371790776,20.044,Weymouth,42.2123,-70.9619,7922.0,"COMCAST-7922 - Comcast Cable Communications, Inc."
106830,2020-04-08 16:05:47.900061+00:00,b'&\x01\x01\x9b\x84\x01G\xa0\x05K \xff\xe9\x05\xf6\xf9',5.383103068126808,17.411,Weymouth,42.2123,-70.9619,7922.0,"COMCAST-7922 - Comcast Cable Communications, Inc."
108253,2020-04-09 12:26:16.447915+00:00,b'&\x01\x01\x9b\x84\x00\x89\xe0\x94\xa5g\x8f\x80\x9a\xb4[',39.81610825817501,14.917,Weymouth,42.2123,-70.9619,7922.0,"COMCAST-7922 - Comcast Cable Communications, Inc."
109233,2020-04-10 16:19:00.825280+00:00,b'&\x01\x01\x9b\x84\x00\x05\x02\xe9\x0f\xce \xfdrT\xee',20.02129623926957,21.985,Weymouth,42.2123,-70.9619,7922.0,"COMCAST-7922 - Comcast Cable Communications, Inc."
110103,2020-04-10 16:15:37.847148+00:00,b'&\x01\x01\x9b\x84\x00\x05\x02\xe9\x0f\xce \xfdrT\xee',14.623273000682198,18.689,Weymouth,42.2123,-70.9619,7922.0,"COMCAST-7922 - Comcast Cable Communications, Inc."
111932,2020-04-11 00:27:40.305823+00:00,"b'&\x01\x01\x9b\x84\x00\xc0\xe0,[m\xddX\xdf-\xd0'",14.749535441853263,24.039,Weymouth,42.2123,-70.9619,7922.0,"COMCAST-7922 - Comcast Cable Communications, Inc."
116444,2020-04-15 00:25:23.232874+00:00,b'&\x01\x01\x9b\x84\x00\xcb\xc0l^\xe9i\xe8!\x00W',11.54061312489708,19.099,Weymouth,42.2123,-70.9619,7922.0,"COMCAST-7922 - Comcast Cable Communications, Inc."
116501,2020-04-15 00:20:08.571297+00:00,"b'&\x01\x01\x9b\x84\x00\xcb\xc0\xc8,\xaa\xe0\xb1\x83\x01%'",11.569328806993015,22.18,Weymouth,42.2123,-70.9619,7922.0,"COMCAST-7922 - Comcast Cable Communications, Inc."
116558,2020-04-15 19:32:39.085454+00:00,b'&\x01\x01\x9b\x84\x01\x16\x901c\x8d\r\xbc\x9c\xb7\x82',1.7935783796288076,138.357,Weymouth,42.2123,-70.9619,7922.0,"COMCAST-7922 - Comcast Cable Communications, Inc."
116664,2020-04-15 00:13:36.370280+00:00,"b'&\x01\x01\x9b\x84\x01G\xa0E\xb1b\x97\xca\xba\xc8,'",4.992906921045227,18.041,Weymouth,42.2123,-70.9619,7922.0,"COMCAST-7922 - Comcast Cable Communications, Inc."
116771,2020-04-15 00:21:00.061132+00:00,"b'&\x01\x01\x9b\x84\x00\xcb\xc0\xc8,\xaa\xe0\xb1\x83\x01%'",2.275854615115756,20.549,Weymouth,42.2123,-70.9619,7922.0,"COMCAST-7922 - Comcast Cable Communications, Inc."
117555,2020-04-15 00:20:32.047829+00:00,"b'&\x01\x01\x9b\x84\x00\xcb\xc0\xc8,\xaa\xe0\xb1\x83\x01%'",11.540508816042967,20.468,Weymouth,42.2123,-70.9619,7922.0,"COMCAST-7922 - Comcast Cable Communications, Inc."
121235,2020-04-17 16:10:46.966126+00:00,b'&\x01\x01\x9b\x84\x01\\\x80e\xfd\x1c\x01\x19\xd300',5.578945674063169,23.106,Weymouth,42.2123,-70.9619,7922.0,"COMCAST-7922 - Comcast Cable Communications, Inc."
121377,2020-04-18 16:07:03.468649+00:00,b'&\x01\x01\x9b\x84\x00\xe2\x90]\n\x8a\x1f\xce\xa4\x12\xb9',5.766383800562385,24.514,Weymouth,42.2123,-70.9619,7922.0,"COMCAST-7922 - Comcast Cable Communications, Inc."
123162,2020-04-19 00:20:12.245025+00:00,b'I\xeeH\x92',5.70981941244588,21.239,Weymouth,42.2123,-70.9619,7922.0,"COMCAST-7922 - Comcast Cable Communications, Inc."
124581,2020-04-20 00:20:54.504035+00:00,b'&\x01\x01\x9b\x84\x01F`Y\x87\xcfP\xc0z1\xe9',1.0831777092126604,24.407,Weymouth,42.2123,-70.9619,7922.0,"COMCAST-7922 - Comcast Cable Communications, Inc."
124660,2020-04-20 19:55:12.560871+00:00,b'&\x01\x01\x9b\x84\x00\x00Y\x88j\xa3\xbc\xe7\xb6I\x1f',5.518460068320076,19.796,Weymouth,42.2123,-70.9619,7922.0,"COMCAST-7922 - Comcast Cable Communications, Inc."
124779,2020-04-20 19:50:48.263950+00:00,b'&\x01\x01\x9b\x84\x00\x00Y\x88j\xa3\xbc\xe7\xb6I\x1f',5.712872264245671,26.163,Weymouth,42.2123,-70.9619,7922.0,"COMCAST-7922 - Comcast Cable Communications, Inc."
124898,2020-04-20 19:51:41.205532+00:00,b'&\x01\x01\x9b\x84\x00\x00Y\x88j\xa3\xbc\xe7\xb6I\x1f',4.7954971166961,22.671,Weymouth,42.2123,-70.9619,7922.0,"COMCAST-7922 - Comcast Cable Communications, Inc."
124930,2020-04-20 19:36:52.187185+00:00,b'&\x01\x01\x9b\x84\x00\x00Y\x1d|Y\x90z\x84=\x18',5.171377973263554,25.877,Weymouth,42.2123,-70.9619,7922.0,"COMCAST-7922 - Comcast Cable Communications, Inc."
124947,2020-04-20 00:19:54.104641+00:00,b'&\x01\x01\x9b\x84\x01F`Y\x87\xcfP\xc0z1\xe9',0.6788399082742381,59.114,Weymouth,42.2123,-70.9619,7922.0,"COMCAST-7922 - Comcast Cable Communications, Inc."
125199,2020-04-20 16:01:55.075379+00:00,b'C\xbd\x94m',5.909534909742653,15.012,Weymouth,42.2123,-70.9619,7922.0,"COMCAST-7922 - Comcast Cable Communications, Inc."
125309,2020-04-20 00:20:20.299761+00:00,b'&\x01\x01\x9b\x84\x01F`Y\x87\xcfP\xc0z1\xe9',0.9837704330831786,32.457,Weymouth,42.2123,-70.9619,7922.0,"COMCAST-7922 - Comcast Cable Communications, Inc."
125394,2020-04-20 19:59:49.986980+00:00,b'&\x01\x01\x9b\x84\x00\x00Y\x88j\xa3\xbc\xe7\xb6I\x1f',5.518292919006798,18.456,Weymouth,42.2123,-70.9619,7922.0,"COMCAST-7922 - Comcast Cable Communications, Inc."
125669,2020-04-20 00:29:18.942692+00:00,b'&\x01\x01\x9b\x84\x01F`\\-\x17vVY/\x98',8.432534998436253,23.743,Weymouth,42.2123,-70.9619,7922.0,"COMCAST-7922 - Comcast Cable Communications, Inc."
130473,2020-04-23 16:19:26.661601+00:00,"b'&\x01\x01\x9b\x84\x01(\x10AN\xe0""&\xd2#-'",0.5667574894997595,25.474,Weymouth,42.2123,-70.9619,7922.0,"COMCAST-7922 - Comcast Cable Communications, Inc."
130799,2020-04-23 00:26:17.306995+00:00,b'&\x01\x01\x9b\x84\x00\xc0\xe09\x863\xd1\xcf\x89\x90\x19',3.682732247211345,24.602,Weymouth,42.2123,-70.9619,7922.0,"COMCAST-7922 - Comcast Cable Communications, Inc."
135397,2020-04-27 19:37:46.867289+00:00,b'C\xbd\x95\xd9',0.4691265997771598,427.777,Weymouth,42.2123,-70.9619,7922.0,"COMCAST-7922 - Comcast Cable Communications, Inc."
136448,2020-04-27 12:18:44.623755+00:00,b'&\x01\x01\x9b\x84\x00\x16\xc0\xc5D\xc9\xb2\xd6#\xe4\xa3',11.046619466356688,22.243,Weymouth,42.2123,-70.9619,7922.0,"COMCAST-7922 - Comcast Cable Communications, Inc."
136750,2020-04-27 19:49:52.623835+00:00,b'K\x96TU',14.813764542526432,24.885,Weymouth,42.2123,-70.9619,7922.0,"COMCAST-7922 - Comcast Cable Communications, Inc."
137438,2020-04-28 16:23:00.741654+00:00,b'C\xbd\x94\x91',5.594819191525319,23.145,Weymouth,42.2123,-70.9619,7922.0,"COMCAST-7922 - Comcast Cable Communications, Inc."
138768,2020-04-29 16:05:10.885933+00:00,b'I\xeeH\x0c',5.916713379065392,16.028,Weymouth,42.2123,-70.9619,7922.0,"COMCAST-7922 - Comcast Cable Communications, Inc."
138845,2020-04-29 16:06:02.198926+00:00,b'I\xeeH\x0c',5.914139270696501,16.804,Weymouth,42.2123,-70.9619,7922.0,"COMCAST-7922 - Comcast Cable Communications, Inc."
139283,2020-04-29 16:03:57.633791+00:00,b'I\xeeH\x0c',5.901703455201667,15.347,Weymouth,42.2123,-70.9619,7922.0,"COMCAST-7922 - Comcast Cable Communications, Inc."
139553,2020-04-29 16:04:45.618283+00:00,b'I\xeeH\x0c',5.920268318534872,16.278,Weymouth,42.2123,-70.9619,7922.0,"COMCAST-7922 - Comcast Cable Communications, Inc."
139905,2020-04-29 16:22:08.312120+00:00,b'I\xeeH\x0c',5.843853699065702,16.878,Weymouth,42.2123,-70.9619,7922.0,"COMCAST-7922 - Comcast Cable Communications, Inc."
140113,2020-04-29 16:04:23.118745+00:00,b'I\xeeH\x0c',5.911993189117068,15.797,Weymouth,42.2123,-70.9619,7922.0,"COMCAST-7922 - Comcast Cable Communications, Inc."
142180,2020-05-01 12:04:06.044405+00:00,b'&\x00\x10\x00\xb0d\xefwp\x8d<\xe0\xd4\xc0l6',6.804277899533961,38.299,Weymouth,42.2123,-70.9619,22394.0,CELLCO - Cellco Partnership DBA Verizon Wireless
142898,2020-05-01 12:05:30.664349+00:00,b'&\x00\x10\x00\xb0d\xefwp\x8d<\xe0\xd4\xc0l6',6.750322144786304,37.462,Weymouth,42.2123,-70.9619,22394.0,CELLCO - Cellco Partnership DBA Verizon Wireless
143545,2020-05-01 19:58:45.035531+00:00,b'&\x01\x01\x9b\x83\x00c\x03L=\x7f\xd4\x7f\x9a\xf1?',39.494362983107365,21.953,Weymouth,42.2123,-70.9619,7922.0,"COMCAST-7922 - Comcast Cable Communications, Inc."
143837,2020-05-02 00:10:07.383109+00:00,b'&\x01\x01\x9b\x83\x03\xd9\xf0i\xdd\xe1h\xeb\x89*L',10.85926004492933,22.461,Weymouth,42.2123,-70.9619,7922.0,"COMCAST-7922 - Comcast Cable Communications, Inc."
144469,2020-05-02 19:46:31.606983+00:00,b'&\x01\x01\x9b\x83\x00\x04\x10\r\x16\xf4\x81\xbf&n\xbc',5.799418747783592,17.216,Weymouth,42.2123,-70.9619,7922.0,"COMCAST-7922 - Comcast Cable Communications, Inc."
144500,2020-05-02 19:38:40.961749+00:00,b'&\x00\x10\x00\xb0e\xcb\xc6\xd8\x0b \xa2.\xa2\x91m',4.693137460492981,46.887,Weymouth,42.2123,-70.9619,22394.0,CELLCO - Cellco Partnership DBA Verizon Wireless
145015,2020-05-03 00:08:09.118327+00:00,b'&\x01\x01\x9b\x83\x01\xef\x10\xd0\x01L\xf7\x04\x0b\xc4\x04',5.488658640278798,19.21,Weymouth,42.2123,-70.9619,7922.0,"COMCAST-7922 - Comcast Cable Communications, Inc."
145286,2020-05-03 00:24:16.771121+00:00,b'&\x01\x01\x9b\x83\x81l\x80\x85\x13\xf0S\xb5(\xc6\x8b',5.595206907582557,18.442,Weymouth,42.2123,-70.9619,7922.0,"COMCAST-7922 - Comcast Cable Communications, Inc."
145505,2020-05-03 12:15:47.209099+00:00,b'&\x01\x01\x9b\x84\x01P``\x0f\x92\xad\xb4\x15v\xfb',16.745819560210364,30.103,Weymouth,42.2123,-70.9619,7922.0,"COMCAST-7922 - Comcast Cable Communications, Inc."
145660,2020-05-03 19:32:23.393785+00:00,"b""&\x01\x01\x9b\x83\x02L\xe0\x19\xbf$\xedG'\x8d,""",5.845375604587719,21.962,Weymouth,42.2123,-70.9619,7922.0,"COMCAST-7922 - Comcast Cable Communications, Inc."
145767,2020-05-03 19:54:29.161227+00:00,b'&\x01\x01\x9b\x83\x00c\x1c%c\xfa\xa8\x98\x8cp\xee',19.787084674021425,16.988,Weymouth,42.2123,-70.9619,7922.0,"COMCAST-7922 - Comcast Cable Communications, Inc."
146054,2020-05-03 00:11:13.576909+00:00,b'&\x01\x01\x9b\x83\x01\x9e\xd0ik\x18{$\xe7x\x91',9.813960176976265,19.683,Weymouth,42.2123,-70.9619,7922.0,"COMCAST-7922 - Comcast Cable Communications, Inc."
146893,2020-05-04 12:13:48.586693+00:00,b'&\x01\x01\x9b\x84\x00\xf0 ))X+\x94E\xfc\x8e',3.575372196284128,28.353,Weymouth,42.2123,-70.9619,7922.0,"COMCAST-7922 - Comcast Cable Communications, Inc."
146932,2020-05-04 12:24:30.078283+00:00,b'&\x01\x01\x9b\x83\x01Z\xb0\x89d\x85\xacM\xb7*\xfc',39.61547039823193,16.779,Weymouth,42.2123,-70.9619,7922.0,"COMCAST-7922 - Comcast Cable Communications, Inc."
148219,2020-05-05 19:35:55.592265+00:00,b'&\x01\x01\x9b\x83\x00\xa2\x80\xc5\xf3F!ZS\x9d;',3.680801380940807,32.008,Weymouth,42.2123,-70.9619,7922.0,"COMCAST-7922 - Comcast Cable Communications, Inc."
148294,2020-05-05 19:51:48.547878+00:00,b'&\x01\x01\x9b\x84\x00\xb9\xd0\x10!\xc9\t\xeeV\xdb\xb1',0.1867562016169348,30.457,Weymouth,42.2123,-70.9619,7922.0,"COMCAST-7922 - Comcast Cable Communications, Inc."
148325,2020-05-05 16:09:57.264984+00:00,b'&\x00\x10\x00\xb0ec)\xcdQ\xac\xbfo\x8c\xa5\x18',0.5097744564796081,40.707,Weymouth,42.2123,-70.9619,22394.0,CELLCO - Cellco Partnership DBA Verizon Wireless
148788,2020-05-05 12:20:33.086624+00:00,b'&\x01\x01\x9b\x83\x00\x8b\xc0\xad\x92\xe88\xbf\xdc0\xce',16.962898206274836,19.211,Weymouth,42.2123,-70.9619,7922.0,"COMCAST-7922 - Comcast Cable Communications, Inc."
149979,2020-05-06 00:18:15.161625+00:00,b'&\x01\x01\x9b\x83\x03G\xa0A\xbe\x1d\xb9x\x1bm\xd0',1.181183440162524,30.091,Weymouth,42.2123,-70.9619,7922.0,"COMCAST-7922 - Comcast Cable Communications, Inc."
150296,2020-05-06 16:09:17.640223+00:00,"b'&\x01\x01\x9b\x83\x81n\xa0\xb4\xf9cx\x1b""\xc3\xa1'",0.5264241987413071,20.431,Weymouth,42.2123,-70.9619,7922.0,"COMCAST-7922 - Comcast Cable Communications, Inc."
150701,2020-05-07 12:12:42.964663+00:00,b'&\x01\x01\x9b\x83\x02;\xc0Qk\xd4\xc7s\x03\xb2@',5.499238538581906,16.402,Weymouth,42.2123,-70.9619,7922.0,"COMCAST-7922 - Comcast Cable Communications, Inc."
150763,2020-05-07 12:00:34.127269+00:00,b'&\x00\x10\x00\xb0dvl\x99\x98\xa6\xf6*;\xed:',1.0473522628406564,57.96,Weymouth,42.2123,-70.9619,22394.0,CELLCO - Cellco Partnership DBA Verizon Wireless
150957,2020-05-07 19:34:55.448072+00:00,b'\x18>\t\xf2',3.93140768374133,15.434,Weymouth,42.2123,-70.9619,7922.0,"COMCAST-7922 - Comcast Cable Communications, Inc."
151146,2020-05-07 19:36:11.629665+00:00,b'\x18>\t\xa7',3.490787254665481,22.402,Weymouth,42.2123,-70.9619,7922.0,"COMCAST-7922 - Comcast Cable Communications, Inc."
151206,2020-05-07 16:28:23.195521+00:00,b'\x18>\x0cc',10.965881337755125,22.833,Weymouth,42.2123,-70.9619,7922.0,"COMCAST-7922 - Comcast Cable Communications, Inc."
151411,2020-05-07 12:01:13.447678+00:00,b'I\xba\xd4/',5.554048019144802,19.868,Weymouth,42.2123,-70.9619,7922.0,"COMCAST-7922 - Comcast Cable Communications, Inc."
151501,2020-05-07 12:20:48.076538+00:00,b'&\x01\x01\x9b\x83\x81n\xa0}F_#A\x9a\n\xf2',16.769657183473473,21.952,Weymouth,42.2123,-70.9619,7922.0,"COMCAST-7922 - Comcast Cable Communications, Inc."
152087,2020-05-07 16:27:59.499050+00:00,b'\x18>\x0cc',10.42109531097095,20.985,Weymouth,42.2123,-70.9619,7922.0,"COMCAST-7922 - Comcast Cable Communications, Inc."
152278,2020-05-08 12:23:24.384628+00:00,b'&\x01\x01\x9b\x83\x01\xea\x14\xa5[\x11[\xc1\x9e\x1b\xdc',5.629071807609728,18.196,Weymouth,42.2123,-70.9619,7922.0,"COMCAST-7922 - Comcast Cable Communications, Inc."
152328,2020-05-08 19:36:23.996197+00:00,b'&\x01\x01\x9b\x83\x03|\x00L\xcd\x88Zw\x9e\xc2\xe4',10.564433234160973,30.682,Weymouth,42.2123,-70.9619,7922.0,"COMCAST-7922 - Comcast Cable Communications, Inc."
152358,2020-05-08 19:35:19.724299+00:00,b'&\x01\x01\x9b\x83\x03|\x00L\xcd\x88Zw\x9e\xc2\xe4',11.557643188145892,24.644,Weymouth,42.2123,-70.9619,7922.0,"COMCAST-7922 - Comcast Cable Communications, Inc."
152368,2020-05-08 00:02:29.194215+00:00,b'&\x01\x01\x9b\x83\x00\xaf\x80\x1d\xa2W\xd9\xeeig\xb5',1.9702966412807896,15.519,Weymouth,42.2123,-70.9619,7922.0,"COMCAST-7922 - Comcast Cable Communications, Inc."
152710,2020-05-08 19:30:20.183767+00:00,b'&\x01\x01\x9b\x83\x00\x90\x90!\x1c\xdf\xb5\xeb\xa8\x01O',16.768853005613,21.373,Weymouth,42.2123,-70.9619,7922.0,"COMCAST-7922 - Comcast Cable Communications, Inc."
152882,2020-05-08 12:27:38.083759+00:00,b'&\x01\x01\x9b\x83\x01\xea\x14\xa5[\x11[\xc1\x9e\x1b\xdc',5.775463501872379,18.0,Weymouth,42.2123,-70.9619,7922.0,"COMCAST-7922 - Comcast Cable Communications, Inc."
153152,2020-05-08 12:22:51.335287+00:00,b'&\x01\x01\x9b\x83\x01\xea\x14\xa5[\x11[\xc1\x9e\x1b\xdc',3.148362770627577,18.742,Weymouth,42.2123,-70.9619,7922.0,"COMCAST-7922 - Comcast Cable Communications, Inc."
153502,2020-05-08 12:23:36.574581+00:00,b'&\x01\x01\x9b\x83\x02\xa1\xc0\x95s\xc5-\xe3?\xf3(',38.99846135489952,18.434,Weymouth,42.2123,-70.9619,7922.0,"COMCAST-7922 - Comcast Cable Communications, Inc."
153711,2020-05-09 16:26:51.892463+00:00,b'&\x01\x01\x9b\x83\x01\x92p\xe8\x984AS)\xd07',3.920331157419369,29.873,Weymouth,42.2123,-70.9619,7922.0,"COMCAST-7922 - Comcast Cable Communications, Inc."
154078,2020-05-09 16:26:16.603423+00:00,b'&\x01\x01\x9b\x83\x01\x92p\xe8\x984AS)\xd07',5.75378868882589,19.407,Weymouth,42.2123,-70.9619,7922.0,"COMCAST-7922 - Comcast Cable Communications, Inc."
154296,2020-05-09 00:29:54.583309+00:00,b'&\x01\x01\x9b\x84\x00<@\xf8OB\xed\x8a\x07\xfeq',17.198436134429876,29.085,Weymouth,42.2123,-70.9619,7922.0,"COMCAST-7922 - Comcast Cable Communications, Inc."
154382,2020-05-09 16:26:51.765330+00:00,b'&\x01\x01\x9b\x83\x01\x92p\xa1\xb5\xc89\xa2\xea%\xbe',1.9441815087259429,17.131,Weymouth,42.2123,-70.9619,7922.0,"COMCAST-7922 - Comcast Cable Communications, Inc."
154424,2020-05-09 16:27:18.282068+00:00,b'&\x01\x01\x9b\x83\x01\x92p\xe8\x984AS)\xd07',5.604372621057208,15.773,Weymouth,42.2123,-70.9619,7922.0,"COMCAST-7922 - Comcast Cable Communications, Inc."
154448,2020-05-09 00:18:25.907781+00:00,b'&\x01\x01\x9b\x84\x00RPA\xbd\xa6Iv\x1d-\xf2',17.498893817789472,22.459,Weymouth,42.2123,-70.9619,7922.0,"COMCAST-7922 - Comcast Cable Communications, Inc."
154481,2020-05-09 16:25:46.827213+00:00,b'&\x01\x01\x9b\x83\x01\x92p\xa1\xb5\xc89\xa2\xea%\xbe',5.4729631007996336,17.717,Weymouth,42.2123,-70.9619,7922.0,"COMCAST-7922 - Comcast Cable Communications, Inc."
154929,2020-05-09 12:06:36.022714+00:00,b'&\x01\x01\x9b\x83\x02\x0b\x90\xd0\nu\xfc\xe0z<t',4.874877303150139,22.007,Weymouth,42.2123,-70.9619,7922.0,"COMCAST-7922 - Comcast Cable Communications, Inc."
155181,2020-05-10 16:21:45.116387+00:00,b'&\x01\x01\x9b\x84\x00}\xb0]\xb5&\x1a\x16\x05\xdd\xf1',5.642421124883495,17.021,Weymouth,42.2123,-70.9619,7922.0,"COMCAST-7922 - Comcast Cable Communications, Inc."
155345,2020-05-10 00:12:18.860736+00:00,b'&\x01\x01\x9b\x83\x01\x9b\xb0\xd5\xae~\x1d\x7f\xc2\xfe\x1b',5.723857422824205,17.626,Weymouth,42.2123,-70.9619,7922.0,"COMCAST-7922 - Comcast Cable Communications, Inc."
155621,2020-05-10 00:12:54.533009+00:00,b'&\x01\x01\x9b\x83\x01\x9b\xb0p4\x06\x1b\xac\xb8A\xc1',5.178266789472857,18.819,Weymouth,42.2123,-70.9619,7922.0,"COMCAST-7922 - Comcast Cable Communications, Inc."
155830,2020-05-10 00:27:15.644429+00:00,b'&\x01\x01\x9b\x83\x01C\xf0\xa4\x9c\xaf*o\x08\x86B',11.097596687936583,26.729,Weymouth,42.2123,-70.9619,7922.0,"COMCAST-7922 - Comcast Cable Communications, Inc."
155885,2020-05-10 00:07:43.522405+00:00,b'&\x01\x01\x9b\x84\x00\xcf\x80lb)\xd7\x9e>\xd3T',10.537158118584268,24.605,Weymouth,42.2123,-70.9619,7922.0,"COMCAST-7922 - Comcast Cable Communications, Inc."
156134,2020-05-10 16:09:47.284221+00:00,b'&\x01\x01\x9b\x83\x01\xbe\xa0\x91\xad\xe7\xb2\xb4g\x06\xde',11.2375875928913,26.399,Weymouth,42.2123,-70.9619,7922.0,"COMCAST-7922 - Comcast Cable Communications, Inc."
156153,2020-05-10 16:09:03.321209+00:00,b'&\x01\x01\x9b\x83\x01\xbe\xa0\x91\xad\xe7\xb2\xb4g\x06\xde',11.29221394501815,22.691,Weymouth,42.2123,-70.9619,7922.0,"COMCAST-7922 - Comcast Cable Communications, Inc."
156282,2020-05-10 16:20:01.358169+00:00,b'&\x01\x01\x9b\x84\x00}\xb0M\xb1\x8eo\xb9)\xc1\xf5',5.746463927905944,18.037,Weymouth,42.2123,-70.9619,7922.0,"COMCAST-7922 - Comcast Cable Communications, Inc."
156293,2020-05-10 00:01:05.133181+00:00,b'&\x01\x01\x9b\x83\x01\xcfph3*Del\x15Y',10.963776802291344,19.96,Weymouth,42.2123,-70.9619,7922.0,"COMCAST-7922 - Comcast Cable Communications, Inc."
156554,2020-05-11 12:05:33.671152+00:00,b'&\x01\x01\x9b\x84\x00\x16\xc0\xc1\x00e|SR?\x95',6.435652150535665,20.375,Weymouth,42.2123,-70.9619,7922.0,"COMCAST-7922 - Comcast Cable Communications, Inc."
158430,2020-05-12 00:24:13.160430+00:00,"b""&\x01\x01\x9b\x84\x00(\xf0E\xb4f{'Z\rV""",25.353043720073742,21.149,Weymouth,42.2123,-70.9619,7922.0,"COMCAST-7922 - Comcast Cable Communications, Inc."
161379,2020-05-14 16:29:47.444330+00:00,b'&\x00\x10\x00\xb0d\xe6\x8c_*\xab\x9b\n\x95\xed\xce',11.086449602664477,50.643,Weymouth,42.2123,-70.9619,22394.0,CELLCO - Cellco Partnership DBA Verizon Wireless
161408,2020-05-14 16:12:29.875157+00:00,b'&\x01\x01\x9b\x83\x00\x90\x90IZ\xcakBt\xed(',6.436398456103508,21.962,Weymouth,42.2123,-70.9619,7922.0,"COMCAST-7922 - Comcast Cable Communications, Inc."
161905,2020-05-14 16:12:06.295824+00:00,b'&\x01\x01\x9b\x83\x00\x90\x90IZ\xcakBt\xed(',2.160408753836206,17.899,Weymouth,42.2123,-70.9619,7922.0,"COMCAST-7922 - Comcast Cable Communications, Inc."
162256,2020-05-14 16:12:55.390907+00:00,b'&\x01\x01\x9b\x83\x00\x90\x90IZ\xcakBt\xed(',0.3103545801315612,18.469,Weymouth,42.2123,-70.9619,7922.0,"COMCAST-7922 - Comcast Cable Communications, Inc."
162325,2020-05-14 16:11:40.509762+00:00,b'&\x01\x01\x9b\x83\x00\x90\x90IZ\xcakBt\xed(',4.328323280570948,26.217,Weymouth,42.2123,-70.9619,7922.0,"COMCAST-7922 - Comcast Cable Communications, Inc."
162826,2020-05-14 16:11:16.134531+00:00,b'&\x01\x01\x9b\x83\x00\x90\x90IZ\xcakBt\xed(',2.775919888923213,15.934,Weymouth,42.2123,-70.9619,7922.0,"COMCAST-7922 - Comcast Cable Communications, Inc."
163220,2020-05-15 00:26:12.502557+00:00,b'&\x01\x01\x9b\x83\x81n\xa0<\x94\x8b \x96z\xa9n',39.99678853685733,23.946,Weymouth,42.2123,-70.9619,7922.0,"COMCAST-7922 - Comcast Cable Communications, Inc."
163740,2020-05-15 00:25:43.624688+00:00,b'&\x01\x01\x9b\x83\x81n\xa0-\xea\x87\xc2\xb2\xa7\x068',28.273439145618497,17.092,Weymouth,42.2123,-70.9619,7922.0,"COMCAST-7922 - Comcast Cable Communications, Inc."
164083,2020-05-15 00:25:37.781035+00:00,b'&\x01\x01\x9b\x83\x81n\xa0<\x94\x8b \x96z\xa9n',32.07419162045143,26.471,Weymouth,42.2123,-70.9619,7922.0,"COMCAST-7922 - Comcast Cable Communications, Inc."
164088,2020-05-15 00:27:09.193068+00:00,b'&\x01\x01\x9b\x83\x81n\xa0\xec\xfe*VO\x8f\xf2\xe2',40.31979742129409,18.21,Weymouth,42.2123,-70.9619,7922.0,"COMCAST-7922 - Comcast Cable Communications, Inc."
164199,2020-05-15 00:27:28.287322+00:00,b'&\x01\x01\x9b\x83\x81n\xa0-\xea\x87\xc2\xb2\xa7\x068',9.180020722588282,20.138,Weymouth,42.2123,-70.9619,7922.0,"COMCAST-7922 - Comcast Cable Communications, Inc."
164879,2020-05-16 16:12:10.778761+00:00,b'&\x01\x01\x9b\x83\x00\xe5p\x00\xbc\xc5\x02O\xc3\xfc0',19.692962997983106,25.258,Weymouth,42.2123,-70.9619,7922.0,"COMCAST-7922 - Comcast Cable Communications, Inc."
165092,2020-05-16 19:38:01.871388+00:00,b'&\x00\x10\x00\xb0d\xd4\xfeQ\xbb\x19\xe3\xf2\x93tv',22.211240091181693,59.219,Weymouth,42.2123,-70.9619,22394.0,CELLCO - Cellco Partnership DBA Verizon Wireless
165931,2020-05-17 19:41:22.583394+00:00,b'&\x01\x01\x9b\x83\x00l0t*\x1fK\xf9\xbc0K',0.8930779209501878,25.709,Weymouth,42.2123,-70.9619,7922.0,"COMCAST-7922 - Comcast Cable Communications, Inc."
166054,2020-05-17 00:24:09.091076+00:00,b'&\x01\x01\x9b\x83\x01\x9b\xb0\xa0\x12\xef0\xf0\xf6(Z',5.787339344820942,19.445,Weymouth,42.2123,-70.9619,7922.0,"COMCAST-7922 - Comcast Cable Communications, Inc."
169294,2020-05-19 19:37:28.294128+00:00,b'I\xba\xd4\xbf',6.814313222655441,24.388,Weymouth,42.2123,-70.9619,7922.0,"COMCAST-7922 - Comcast Cable Communications, Inc."
169452,2020-05-19 00:05:39.067773+00:00,b'&\x01\x01\x9b\x84\x00\x07\xf0\xed\xbb51\x7f\xe6\xccc',5.489755110863519,27.041,Weymouth,42.2123,-70.9619,7922.0,"COMCAST-7922 - Comcast Cable Communications, Inc."
170235,2020-05-20 00:09:38.118385+00:00,"b'&\x00\x10\x00\xb0d,\x18\xe1\xe3\x04Nh\xbb\xe3@'",5.410650715017889,45.557,Weymouth,42.2123,-70.9619,22394.0,CELLCO - Cellco Partnership DBA Verizon Wireless
170264,2020-05-20 00:09:37.304029+00:00,"b'&\x00\x10\x00\xb0d,\x18\xe1\xe3\x04Nh\xbb\xe3@'",10.288543546386762,40.648,Weymouth,42.2123,-70.9619,22394.0,CELLCO - Cellco Partnership DBA Verizon Wireless
170340,2020-05-20 16:04:47.707020+00:00,b'&\x01\x01\x9b\x83\x00f\x10)h\xe2\x1f\xf3\xa3d\xf5',5.01728340126275,26.046,Weymouth,42.2123,-70.9619,7922.0,"COMCAST-7922 - Comcast Cable Communications, Inc."
170438,2020-05-20 00:28:00.472169+00:00,b'&\x01\x01\x9b\x83\x02Q\x90u\x16\x04E:/C&',18.43977135276215,19.659,Weymouth,42.2123,-70.9619,7922.0,"COMCAST-7922 - Comcast Cable Communications, Inc."
170640,2020-05-20 16:01:53.448306+00:00,b'&\x01\x01\x9b\x83\x00l0`\xa4\xdd\xed\xd1\xbf\xa4\xc3',33.876576961715834,10.834,Weymouth,42.2123,-70.9619,7922.0,"COMCAST-7922 - Comcast Cable Communications, Inc."
170958,2020-05-20 16:08:53.476754+00:00,b'&\x01\x01\x9b\x83\x00f\x10)h\xe2\x1f\xf3\xa3d\xf5',5.491165204776646,23.536,Weymouth,42.2123,-70.9619,7922.0,"COMCAST-7922 - Comcast Cable Communications, Inc."
171197,2020-05-20 19:30:18.267824+00:00,b'&\x01\x01\x9b\x83\x02Zz\\\xcf`m*\\q\x18',3.032230534350683,20.356,Weymouth,42.2123,-70.9619,7922.0,"COMCAST-7922 - Comcast Cable Communications, Inc."
171490,2020-05-20 00:29:15.187237+00:00,b'&\x01\x01\x9b\x83\x02Q\x90u\x16\x04E:/C&',17.250730143824512,18.501,Weymouth,42.2123,-70.9619,7922.0,"COMCAST-7922 - Comcast Cable Communications, Inc."
172467,2020-05-21 19:57:04.138522+00:00,"b'&\x01\x01\x9b\x84\x00}\xb0X\xe0\x81,Cp\xfb\xbe'",1.5831694947641777,21.66,Weymouth,42.2123,-70.9619,7922.0,"COMCAST-7922 - Comcast Cable Communications, Inc."
172468,2020-05-21 16:22:52.026304+00:00,b'&\x01\x01\x9b\x84\x00\xbe\xf0\xd1\xc8|\x06\x8d\xb8\xf2\xa8',3.03452554554002,17.535,Weymouth,42.2123,-70.9619,7922.0,"COMCAST-7922 - Comcast Cable Communications, Inc."
172479,2020-05-21 00:05:17.537072+00:00,b'&\x01\x01\x9b\x83\x01\x92p8\x01\xf0\x1d.\x87\t\x87',5.717426861504942,21.066,Weymouth,42.2123,-70.9619,7922.0,"COMCAST-7922 - Comcast Cable Communications, Inc."
172488,2020-05-21 16:22:16.960471+00:00,b'&\x01\x01\x9b\x84\x00\xbe\xf0\xd1\xc8|\x06\x8d\xb8\xf2\xa8',4.937472378353904,19.506,Weymouth,42.2123,-70.9619,7922.0,"COMCAST-7922 - Comcast Cable Communications, Inc."
172771,2020-05-21 19:31:08.261532+00:00,b'\x18>\x0c:',10.68600653395055,17.451,Weymouth,42.2123,-70.9619,7922.0,"COMCAST-7922 - Comcast Cable Communications, Inc."
173156,2020-05-21 19:57:54.374440+00:00,"b'&\x01\x01\x9b\x84\x00}\xb0X\xe0\x81,Cp\xfb\xbe'",3.5517826050496235,38.202,Weymouth,42.2123,-70.9619,7922.0,"COMCAST-7922 - Comcast Cable Communications, Inc."
173319,2020-05-22 19:40:31.617914+00:00,b'&\x01\x01\x9b\x83\x02;\x10\x9c\x9b\x0ejfh!s',11.655301738574876,22.968,Weymouth,42.2123,-70.9619,7922.0,"COMCAST-7922 - Comcast Cable Communications, Inc."
173335,2020-05-22 19:36:04.799143+00:00,b'&\x01\x01\x9b\x83\x81n\xa0(\xf1R;P=\x85y',10.175215442766683,15.825,Weymouth,42.2123,-70.9619,7922.0,"COMCAST-7922 - Comcast Cable Communications, Inc."
173416,2020-05-22 12:00:00.178767+00:00,b'&\x00\x10\x00\xb0d/\xdf\xcd\x91\xef\x06d\xac\xbc\xc7',8.015870984827588,37.271,Weymouth,42.2123,-70.9619,22394.0,CELLCO - Cellco Partnership DBA Verizon Wireless
173514,2020-05-22 19:30:19.667693+00:00,b'&\x01\x01\x9b\x83\x81n\xa0\x9d\x13\xdf\xfa\x9a\xe9\x97w',37.58210847544605,18.058,Weymouth,42.2123,-70.9619,7922.0,"COMCAST-7922 - Comcast Cable Communications, Inc."
174498,2020-05-22 19:49:36.008068+00:00,b'&\x00\x10\x00\xb0d\x81M\xac\xed\x00\x00\x13\xd6\x8d\xe6',4.813681098841555,51.774,Weymouth,42.2123,-70.9619,22394.0,CELLCO - Cellco Partnership DBA Verizon Wireless
174600,2020-05-23 00:10:01.921965+00:00,b'&\x01\x01\x9b\x83\x03\xd8\xa0\xac\xfe\xe2\x03l\\f\xd1',22.618848039684025,18.785,Weymouth,42.2123,-70.9619,7922.0,"COMCAST-7922 - Comcast Cable Communications, Inc."
174754,2020-05-23 19:58:38.127220+00:00,b'\x18>\r{',4.624057670236643,26.823,Weymouth,42.2123,-70.9619,7922.0,"COMCAST-7922 - Comcast Cable Communications, Inc."
175112,2020-05-23 19:42:53.388691+00:00,b'&\x01\x01\x9b\x83\x00\x190\xb4\x92\xd6\xeaS\x90\xc6\xba',11.500834645629784,16.684,Weymouth,42.2123,-70.9619,7922.0,"COMCAST-7922 - Comcast Cable Communications, Inc."
175612,2020-05-23 19:50:56.154285+00:00,b'\x18>\r{',3.2455359361293663,23.228,Weymouth,42.2123,-70.9619,7922.0,"COMCAST-7922 - Comcast Cable Communications, Inc."
175935,2020-05-24 00:24:30.976036+00:00,b'&\x01\x01\x9b\x84\x00\x96\xd0\x81\xe0\xa4\xe8\xdd\xc2}u',5.482969600451288,22.342,Weymouth,42.2123,-70.9619,7922.0,"COMCAST-7922 - Comcast Cable Communications, Inc."
175957,2020-05-24 19:57:17.488577+00:00,"b'&\x01\x01\x9b\x83\x00,\xe0\\D#s\xa8\xb5\xb2x'",3.2476050706928152,18.842,Weymouth,42.2123,-70.9619,7922.0,"COMCAST-7922 - Comcast Cable Communications, Inc."
176162,2020-05-24 19:58:35.042719+00:00,"b'&\x01\x01\x9b\x83\x00,\xe0\\D#s\xa8\xb5\xb2x'",3.23614929423635,17.459,Weymouth,42.2123,-70.9619,7922.0,"COMCAST-7922 - Comcast Cable Communications, Inc."
176284,2020-05-24 19:57:58.542577+00:00,"b'&\x01\x01\x9b\x83\x00,\xe0\\D#s\xa8\xb5\xb2x'",3.240619957100507,18.869,Weymouth,42.2123,-70.9619,7922.0,"COMCAST-7922 - Comcast Cable Communications, Inc."
176476,2020-05-24 00:15:32.297462+00:00,b'&\x01\x01\x9b\x84\x00\xc00\x85\xc8\xc6\xb75\xfe\xcb\\',4.92478988908533,18.82,Weymouth,42.2123,-70.9619,7922.0,"COMCAST-7922 - Comcast Cable Communications, Inc."
176486,2020-05-24 00:00:38.686045+00:00,b'&\x01\x01\x9b\x83\x01\x9b\xb0\x9c0\xaf\xfa\x90/\xc1\x80',5.800893269277638,18.06,Weymouth,42.2123,-70.9619,7922.0,"COMCAST-7922 - Comcast Cable Communications, Inc."
176540,2020-05-24 00:24:47.037787+00:00,b'&\x01\x01\x9b\x83\x00e\xcb\xecR\xe0\x94\x1e\xcdK\xa1',26.560033208999425,20.484,Weymouth,42.2123,-70.9619,7922.0,"COMCAST-7922 - Comcast Cable Communications, Inc."
176568,2020-05-24 00:17:47.043229+00:00,b'&\x01\x01\x9b\x84\x00\xc00\x85\xc8\xc6\xb75\xfe\xcb\\',3.4301833868540546,27.119,Weymouth,42.2123,-70.9619,7922.0,"COMCAST-7922 - Comcast Cable Communications, Inc."
177033,2020-05-24 00:17:14.798174+00:00,b'&\x01\x01\x9b\x84\x00\xc00\x85\xc8\xc6\xb75\xfe\xcb\\',5.541965831852656,23.841,Weymouth,42.2123,-70.9619,7922.0,"COMCAST-7922 - Comcast Cable Communications, Inc."
177402,2020-05-25 19:41:58.591265+00:00,b'&\x01\x01\x9b\x84\x017`\x10Z\xaa\xaf\x96\xab\x01\x9b',1.215888130144965,18.511,Weymouth,42.2123,-70.9619,7922.0,"COMCAST-7922 - Comcast Cable Communications, Inc."
177989,2020-05-25 00:09:18.426800+00:00,b'&\x01\x01\x9b\x83\x00+\x80t\xf5\x116>\x90K\xc6',0.8424117768310514,27.801,Weymouth,42.2123,-70.9619,7922.0,"COMCAST-7922 - Comcast Cable Communications, Inc."
178701,2020-05-26 16:23:07.656447+00:00,b'&\x01\x01\x9b\x84\x01q0\x85\xc8;oT\xdc\xaaa',5.80836824063887,20.218,Weymouth,42.2123,-70.9619,7922.0,"COMCAST-7922 - Comcast Cable Communications, Inc."
178732,2020-05-26 16:22:29.787699+00:00,b'&\x01\x01\x9b\x84\x01q0-A\xe9\x1cs\x99\x07D',4.579506267086609,19.903,Weymouth,42.2123,-70.9619,7922.0,"COMCAST-7922 - Comcast Cable Communications, Inc."
179344,2020-05-26 16:10:57.581802+00:00,b'\x18>\x0f\xa0',5.7890957861886685,19.374,Weymouth,42.2123,-70.9619,7922.0,"COMCAST-7922 - Comcast Cable Communications, Inc."
179431,2020-05-26 16:23:31.396772+00:00,b'&\x01\x01\x9b\x84\x01q0pv\x02\xc9w\xd2\xf0\xf5',4.582924526665441,20.026,Weymouth,42.2123,-70.9619,7922.0,"COMCAST-7922 - Comcast Cable Communications, Inc."
180796,2020-05-27 16:14:28.401917+00:00,b'&\x01\x01\x9b\x84\x00\xbcJ\x05C\x0b\xfdw\x18\xc2\x9c',5.809011132889404,17.275,Weymouth,42.2123,-70.9619,7922.0,"COMCAST-7922 - Comcast Cable Communications, Inc."
182953,2020-05-29 00:04:23.952337+00:00,b'&\x01\x01\x9b\x83\x81n\xa0\xb9\xd4DL\x87A\xf2\x87',32.04228333788644,19.176,Weymouth,42.2123,-70.9619,7922.0,"COMCAST-7922 - Comcast Cable Communications, Inc."
183040,2020-05-29 00:23:36.938374+00:00,"b'&\x01\x01\x9b\x83\x81n\xa0\xb1\x80\xf2#,\xe7a$'",10.10934397177878,25.946,Weymouth,42.2123,-70.9619,7922.0,"COMCAST-7922 - Comcast Cable Communications, Inc."
183058,2020-05-29 00:16:47.559492+00:00,b'&\x01\x01\x9b\x83\x81n\xa0\xe1\x07L\xfdE\xfa\x91\x8a',2.4764085689066784,21.61,Weymouth,42.2123,-70.9619,7922.0,"COMCAST-7922 - Comcast Cable Communications, Inc."
183140,2020-05-29 00:05:18.725730+00:00,"b'&\x01\x01\x9b\x83\x81n\xa0\xb1\x80\xf2#,\xe7a$'",37.19361650805752,22.603,Weymouth,42.2123,-70.9619,7922.0,"COMCAST-7922 - Comcast Cable Communications, Inc."
183167,2020-05-29 00:04:31.751467+00:00,"b'&\x01\x01\x9b\x83\x81n\xa0\xb1\x80\xf2#,\xe7a$'",35.140154118776266,19.005,Weymouth,42.2123,-70.9619,7922.0,"COMCAST-7922 - Comcast Cable Communications, Inc."
183193,2020-05-29 00:25:48.484803+00:00,"b'&\x01\x01\x9b\x83\x81n\xa0\xb1\x80\xf2#,\xe7a$'",35.317756646004895,19.222,Weymouth,42.2123,-70.9619,7922.0,"COMCAST-7922 - Comcast Cable Communications, Inc."
183247,2020-05-29 00:05:47.898749+00:00,b'&\x01\x01\x9b\x83\x81n\xa0\xb9\xd4DL\x87A\xf2\x87',39.17668579470749,17.316,Weymouth,42.2123,-70.9619,7922.0,"COMCAST-7922 - Comcast Cable Communications, Inc."
183261,2020-05-29 00:10:39.072684+00:00,b'&\x01\x01\x9b\x83\x81n\xa0e<\x19\x81 a\xe4\xf7',38.79787625406759,19.257,Weymouth,42.2123,-70.9619,7922.0,"COMCAST-7922 - Comcast Cable Communications, Inc."
183262,2020-05-29 00:29:02.888614+00:00,b'&\x01\x01\x9b\x84\x00}\xb0\x1d\x82\xbe{\xa8\xa9\xe0\xf2',5.4153460184037625,26.36,Weymouth,42.2123,-70.9619,7922.0,"COMCAST-7922 - Comcast Cable Communications, Inc."
183359,2020-05-29 00:28:38.187428+00:00,"b'&\x01\x01\x9b\x83\x81n\xa0\xb1\x80\xf2#,\xe7a$'",35.00488793230175,24.67,Weymouth,42.2123,-70.9619,7922.0,"COMCAST-7922 - Comcast Cable Communications, Inc."
183466,2020-05-29 00:23:54.083409+00:00,b'&\x01\x01\x9b\x83\x81n\xa0\xe1\x07L\xfdE\xfa\x91\x8a',0.4347634759134062,23.014,Weymouth,42.2123,-70.9619,7922.0,"COMCAST-7922 - Comcast Cable Communications, Inc."
183564,2020-05-29 00:03:59.233651+00:00,b'&\x01\x01\x9b\x83\x81n\xa0\xb9\xd4DL\x87A\xf2\x87',35.26773171211157,16.131,Weymouth,42.2123,-70.9619,7922.0,"COMCAST-7922 - Comcast Cable Communications, Inc."
183626,2020-05-29 00:28:00.678111+00:00,b'&\x01\x01\x9b\x83\x81n\xa0\xe1\x07L\xfdE\xfa\x91\x8a',34.999717145959046,17.651,Weymouth,42.2123,-70.9619,7922.0,"COMCAST-7922 - Comcast Cable Communications, Inc."
183925,2020-05-29 00:24:21.242614+00:00,b'&\x01\x01\x9b\x83\x81n\xa0\xe1\x07L\xfdE\xfa\x91\x8a',31.241832714621587,20.005,Weymouth,42.2123,-70.9619,7922.0,"COMCAST-7922 - Comcast Cable Communications, Inc."
183929,2020-05-29 00:20:45.095047+00:00,"b'&\x01\x01\x9b\x83\x81n\xa0\xb1\x80\xf2#,\xe7a$'",3.6110567787669625,15.843,Weymouth,42.2123,-70.9619,7922.0,"COMCAST-7922 - Comcast Cable Communications, Inc."
183941,2020-05-29 00:04:56.009750+00:00,"b'&\x01\x01\x9b\x83\x81n\xa0\xb1\x80\xf2#,\xe7a$'",27.77808260215158,71.792,Weymouth,42.2123,-70.9619,7922.0,"COMCAST-7922 - Comcast Cable Communications, Inc."
183966,2020-05-29 00:26:41.705092+00:00,"b'&\x01\x01\x9b\x83\x81n\xa0\xb1\x80\xf2#,\xe7a$'",34.18844301251857,18.86,Weymouth,42.2123,-70.9619,7922.0,"COMCAST-7922 - Comcast Cable Communications, Inc."
184029,2020-05-29 00:04:06.556024+00:00,"b'&\x01\x01\x9b\x83\x81n\xa0\xb1\x80\xf2#,\xe7a$'",29.13062322051199,16.313,Weymouth,42.2123,-70.9619,7922.0,"COMCAST-7922 - Comcast Cable Communications, Inc."
184741,2020-05-30 19:48:29.160345+00:00,b'\x18>\x08\xfb',2.105163149026259,17.449,Weymouth,42.2123,-70.9619,7922.0,"COMCAST-7922 - Comcast Cable Communications, Inc."
185165,2020-05-30 00:22:02.756874+00:00,b'&\x01\x01\x9b\x83\x02+@9\x13\x18\x9b9\x07v\x12',5.726151022796615,18.385,Weymouth,42.2123,-70.9619,7922.0,"COMCAST-7922 - Comcast Cable Communications, Inc."
185454,2020-05-30 19:58:12.710910+00:00,b'&\x00\x10\x00\xb0e\xf9v\xc7\xd0\xe8?\x92\x1c\x82\x8b',2.265088412803104,47.099,Weymouth,42.2123,-70.9619,22394.0,CELLCO - Cellco Partnership DBA Verizon Wireless
185719,2020-05-31 00:26:14.609479+00:00,b'&\x01\x01\x9b\x83\x01a\xf0q\xa8b\xae\xb7\x8fT\x02',3.0425903334744366,20.001,Weymouth,42.2123,-70.9619,7922.0,"COMCAST-7922 - Comcast Cable Communications, Inc."
185854,2020-05-31 00:24:21.270729+00:00,b'&\x01\x01\x9b\x83\x01a\xf0\xc1\xe5LW>\x9bd%',2.8685069521804096,24.185,Weymouth,42.2123,-70.9619,7922.0,"COMCAST-7922 - Comcast Cable Communications, Inc."
185949,2020-05-31 00:13:13.553529+00:00,b'&\x01\x01\x9b\x83\x00c0\x899\xafu\xb8\x83\xe1w',5.715968943459244,19.763,Weymouth,42.2123,-70.9619,7922.0,"COMCAST-7922 - Comcast Cable Communications, Inc."
186171,2020-05-31 00:14:30.583876+00:00,b'&\x01\x01\x9b\x83\x01\x9b\xb0\xe0\xdb\xd2\xda.\xa7+b',5.757035357439239,17.336,Weymouth,42.2123,-70.9619,7922.0,"COMCAST-7922 - Comcast Cable Communications, Inc."
187903,2020-06-01 16:13:33.824251+00:00,b'\x18\x93\x8a\xc3',11.809974355973155,15.371,Weymouth,42.2123,-70.9619,7922.0,"COMCAST-7922 - Comcast Cable Communications, Inc."
188636,2020-06-02 16:13:33.763541+00:00,b'\x18\x93\x8a\xc3',11.810015051475348,15.449,Weymouth,42.2123,-70.9619,7922.0,"COMCAST-7922 - Comcast Cable Communications, Inc."
189754,2020-06-03 16:13:33.710575+00:00,b'\x18\x93\x8a\xc3',11.80058845506396,18.761,Weymouth,42.2123,-70.9619,7922.0,"COMCAST-7922 - Comcast Cable Communications, Inc."
192152,2020-06-04 16:13:33.719989+00:00,b'\x18\x93\x8a\xc3',11.809331025063855,17.192,Weymouth,42.2123,-70.9619,7922.0,"COMCAST-7922 - Comcast Cable Communications, Inc."
192725,2020-06-05 16:13:33.685420+00:00,b'\x18\x93\x8a\xc3',11.436867446255429,15.855,Weymouth,42.2123,-70.9619,7922.0,"COMCAST-7922 - Comcast Cable Communications, Inc."
192768,2020-06-05 00:03:24.534786+00:00,b'\x18>\x08\xbc',3.567348296906593,71.958,Weymouth,42.2123,-70.9619,7922.0,"COMCAST-7922 - Comcast Cable Communications, Inc."
193231,2020-06-05 00:19:10.843186+00:00,b'\x18>\x08\xbc',2.9310620736542634,24.298,Weymouth,42.2123,-70.9619,7922.0,"COMCAST-7922 - Comcast Cable Communications, Inc."
193508,2020-06-05 00:18:32.915988+00:00,b'\x18>\x08\xbc',2.8313184484937874,27.884,Weymouth,42.2123,-70.9619,7922.0,"COMCAST-7922 - Comcast Cable Communications, Inc."
194318,2020-06-06 16:13:33.679333+00:00,b'\x18\x93\x8a\xc3',11.795445863189654,17.717,Weymouth,42.2123,-70.9619,7922.0,"COMCAST-7922 - Comcast Cable Communications, Inc."
195242,2020-06-07 16:01:03.588737+00:00,b'\x18\x93\x84\x9e',17.55003088940635,14.248,Weymouth,42.2123,-70.9619,7922.0,"COMCAST-7922 - Comcast Cable Communications, Inc."
195316,2020-06-07 16:00:39.466631+00:00,b'\x18\x93\x84\x9e',17.337804827039182,26.239,Weymouth,42.2123,-70.9619,7922.0,"COMCAST-7922 - Comcast Cable Communications, Inc."
196124,2020-06-07 16:13:33.750216+00:00,b'\x18\x93\x8a\xc3',11.800242218419571,16.405,Weymouth,42.2123,-70.9619,7922.0,"COMCAST-7922 - Comcast Cable Communications, Inc."
196444,2020-06-08 00:12:20.106528+00:00,b'\x18\x93\x84\x9e',14.809718741789691,20.267,Weymouth,42.2123,-70.9619,7922.0,"COMCAST-7922 - Comcast Cable Communications, Inc."
196983,2020-06-08 19:36:38.856308+00:00,b'\x18>\r{',0.2910125980367554,59.994,Weymouth,42.2123,-70.9619,7922.0,"COMCAST-7922 - Comcast Cable Communications, Inc."
197589,2020-06-08 16:13:34.598387+00:00,b'\x18\x93\x8a\xc3',11.806486920129016,15.761,Weymouth,42.2123,-70.9619,7922.0,"COMCAST-7922 - Comcast Cable Communications, Inc."
198820,2020-06-09 16:13:34.468536+00:00,b'\x18\x93\x8a\xc3',11.806637992303145,15.038,Weymouth,42.2123,-70.9619,7922.0,"COMCAST-7922 - Comcast Cable Communications, Inc."
199784,2020-06-10 16:13:34.396988+00:00,b'\x18\x93\x8a\xc3',11.66114002962768,17.754,Weymouth,42.2123,-70.9619,7922.0,"COMCAST-7922 - Comcast Cable Communications, Inc."
199888,2020-06-10 00:21:19.006972+00:00,b'\x18\x93\x82\x1b',9.57297926362095,31.836,Weymouth,42.2123,-70.9619,7922.0,"COMCAST-7922 - Comcast Cable Communications, Inc."
199995,2020-06-10 00:20:16.365190+00:00,b'\x18\x93\x82\x1b',10.766649708634777,23.027,Weymouth,42.2123,-70.9619,7922.0,"COMCAST-7922 - Comcast Cable Communications, Inc."
200320,2020-06-10 00:17:45.688710+00:00,b'\x18\x93\x82\x1b',11.395574326863144,23.25,Weymouth,42.2123,-70.9619,7922.0,"COMCAST-7922 - Comcast Cable Communications, Inc."
200797,2020-06-10 00:19:05.588675+00:00,b'\x18\x93\x82\x1b',11.553641909757811,21.679,Weymouth,42.2123,-70.9619,7922.0,"COMCAST-7922 - Comcast Cable Communications, Inc."
202276,2020-06-11 16:13:34.733580+00:00,b'\x18\x93\x8a\xc3',11.752224215360512,16.323,Weymouth,42.2123,-70.9619,7922.0,"COMCAST-7922 - Comcast Cable Communications, Inc."
202853,2020-06-12 16:13:34.562900+00:00,b'\x18\x93\x8a\xc3',11.710880788397716,21.785,Weymouth,42.2123,-70.9619,7922.0,"COMCAST-7922 - Comcast Cable Communications, Inc."
203947,2020-06-12 19:43:34.943685+00:00,"b'&\x030\x05B\x99\xa0\x00\xed\x83X,\xfa\xb6&Z'",6.517324177583535,25.089,Weymouth,42.2123,-70.9619,7922.0,"COMCAST-7922 - Comcast Cable Communications, Inc."
204190,2020-06-13 16:13:34.720994+00:00,b'\x18\x93\x8a\xc3',11.807431641612588,15.699,Weymouth,42.2123,-70.9619,7922.0,"COMCAST-7922 - Comcast Cable Communications, Inc."
205215,2020-06-14 12:18:47.592305+00:00,b'I\xee5L',23.353926583789107,15.083,Weymouth,42.2123,-70.9619,7922.0,"COMCAST-7922 - Comcast Cable Communications, Inc."
205556,2020-06-14 16:13:34.605820+00:00,b'\x18\x93\x8a\xc3',11.80143211231355,15.464,Weymouth,42.2123,-70.9619,7922.0,"COMCAST-7922 - Comcast Cable Communications, Inc."
205830,2020-06-14 12:21:35.579644+00:00,b'I\xee5L',22.3010033247829,11.224,Weymouth,42.2123,-70.9619,7922.0,"COMCAST-7922 - Comcast Cable Communications, Inc."
206058,2020-06-14 12:18:04.099353+00:00,b'I\xee5L',23.33600857345826,16.146,Weymouth,42.2123,-70.9619,7922.0,"COMCAST-7922 - Comcast Cable Communications, Inc."
206272,2020-06-14 12:21:42.695041+00:00,b'I\xee5L',16.427828736893442,12.422,Weymouth,42.2123,-70.9619,7922.0,"COMCAST-7922 - Comcast Cable Communications, Inc."
206599,2020-06-15 16:13:34.634844+00:00,b'\x18\x93\x8a\xc3',11.533969776515288,18.617,Weymouth,42.2123,-70.9619,7922.0,"COMCAST-7922 - Comcast Cable Communications, Inc."
209191,2020-06-16 16:13:34.655108+00:00,b'\x18\x93\x8a\xc3',11.78603516423605,16.515,Weymouth,42.2123,-70.9619,7922.0,"COMCAST-7922 - Comcast Cable Communications, Inc."
210017,2020-06-17 16:13:34.679806+00:00,b'\x18\x93\x8a\xc3',11.810178127107037,17.595,Weymouth,42.2123,-70.9619,7922.0,"COMCAST-7922 - Comcast Cable Communications, Inc."
212489,2020-06-18 16:13:34.637663+00:00,b'\x18\x93\x8a\xc3',11.800740081082951,14.17,Weymouth,42.2123,-70.9619,7922.0,"COMCAST-7922 - Comcast Cable Communications, Inc."
213655,2020-06-19 16:13:34.512382+00:00,b'\x18\x93\x8a\xc3',11.809494060722836,14.82,Weymouth,42.2123,-70.9619,7922.0,"COMCAST-7922 - Comcast Cable Communications, Inc."
214196,2020-06-19 19:50:35.235654+00:00,b'\x18\x93\x80\x85',12.908043799775506,15.249,Weymouth,42.2123,-70.9619,7922.0,"COMCAST-7922 - Comcast Cable Communications, Inc."
215273,2020-06-20 16:13:34.602923+00:00,b'\x18\x93\x8a\xc3',11.815440566440635,15.081,Weymouth,42.2123,-70.9619,7922.0,"COMCAST-7922 - Comcast Cable Communications, Inc."
216329,2020-06-21 16:13:34.612938+00:00,b'\x18\x93\x8a\xc3',11.80383612191056,16.324,Weymouth,42.2123,-70.9619,7922.0,"COMCAST-7922 - Comcast Cable Communications, Inc."
217729,2020-06-22 16:13:34.434391+00:00,b'\x18\x93\x8a\xc3',11.801848518075236,15.754,Weymouth,42.2123,-70.9619,7922.0,"COMCAST-7922 - Comcast Cable Communications, Inc."
219613,2020-06-23 16:13:34.567595+00:00,b'\x18\x93\x8a\xc3',11.578469211005574,16.959,Weymouth,42.2123,-70.9619,7922.0,"COMCAST-7922 - Comcast Cable Communications, Inc."
222809,2020-06-24 12:15:33.455049+00:00,b'\x18\x93\x89\x87',5.347902316905856,21.112,Weymouth,42.2123,-70.9619,7922.0,"COMCAST-7922 - Comcast Cable Communications, Inc."
222869,2020-06-24 12:16:51.025197+00:00,b'\x18\x93\x89\x87',5.127298025849009,17.147,Weymouth,42.2123,-70.9619,7922.0,"COMCAST-7922 - Comcast Cable Communications, Inc."
222880,2020-06-24 12:16:24.267379+00:00,b'\x18\x93\x89\x87',4.752426090666625,17.124,Weymouth,42.2123,-70.9619,7922.0,"COMCAST-7922 - Comcast Cable Communications, Inc."
223009,2020-06-24 16:13:34.598286+00:00,b'\x18\x93\x8a\xc3',11.795650439479624,17.755,Weymouth,42.2123,-70.9619,7922.0,"COMCAST-7922 - Comcast Cable Communications, Inc."
223483,2020-06-25 16:13:34.762613+00:00,b'\x18\x93\x8a\xc3',11.797262241271069,18.168,Weymouth,42.2123,-70.9619,7922.0,"COMCAST-7922 - Comcast Cable Communications, Inc."
225270,2020-06-26 16:13:35.395100+00:00,b'\x18\x93\x8a\xc3',0.2473388829223588,599.588,Weymouth,42.2123,-70.9619,7922.0,"COMCAST-7922 - Comcast Cable Communications, Inc."
228249,2020-06-27 16:13:34.498348+00:00,b'\x18\x93\x8a\xc3',11.554471436787567,16.038,Weymouth,42.2123,-70.9619,7922.0,"COMCAST-7922 - Comcast Cable Communications, Inc."
228936,2020-06-28 19:30:04.361767+00:00,b'\x18\x93\x88\xed',2.2949223219851604,19.274,Weymouth,42.2123,-70.9619,7922.0,"COMCAST-7922 - Comcast Cable Communications, Inc."
229475,2020-06-28 16:20:15.870720+00:00,b'\x18\x93\x86\xd0',4.031204010385919,19.425,Weymouth,42.2123,-70.9619,7922.0,"COMCAST-7922 - Comcast Cable Communications, Inc."
229732,2020-06-28 19:30:29.011838+00:00,b'\x18\x93\x88\xed',5.664266545631633,21.262,Weymouth,42.2123,-70.9619,7922.0,"COMCAST-7922 - Comcast Cable Communications, Inc."
229907,2020-06-28 16:13:34.714754+00:00,b'\x18\x93\x8a\xc3',9.951535138110184,21.599,Weymouth,42.2123,-70.9619,7922.0,"COMCAST-7922 - Comcast Cable Communications, Inc."
230080,2020-06-28 19:30:52.211954+00:00,b'\x18\x93\x88\xed',5.833361526524477,20.699,Weymouth,42.2123,-70.9619,7922.0,"COMCAST-7922 - Comcast Cable Communications, Inc."
231065,2020-06-29 16:13:34.478501+00:00,b'\x18\x93\x8a\xc3',11.741868311839868,16.567,Weymouth,42.2123,-70.9619,7922.0,"COMCAST-7922 - Comcast Cable Communications, Inc."
231354,2020-06-29 16:15:42.643584+00:00,b'\x18\x93\x87e',3.6581568307790167,20.673,Weymouth,42.2123,-70.9619,7922.0,"COMCAST-7922 - Comcast Cable Communications, Inc."
232571,2020-06-30 19:43:17.098127+00:00,b'\x18\x93\x8c ',0.0255058000066618,22.241,Weymouth,42.2123,-70.9619,7922.0,"COMCAST-7922 - Comcast Cable Communications, Inc."
232724,2020-06-30 19:37:59.593237+00:00,b'\x18\x93\x8cy',5.610057395018481,25.082,Weymouth,42.2123,-70.9619,7922.0,"COMCAST-7922 - Comcast Cable Communications, Inc."
232802,2020-06-30 19:42:42.028094+00:00,b'\x18\x93\x82\x1b',10.514559382903204,36.599,Weymouth,42.2123,-70.9619,7922.0,"COMCAST-7922 - Comcast Cable Communications, Inc."
233116,2020-06-30 19:51:36.232751+00:00,b'\x18\x93\x82\x1b',11.441361737398584,31.701,Weymouth,42.2123,-70.9619,7922.0,"COMCAST-7922 - Comcast Cable Communications, Inc."
233611,2020-06-30 16:13:34.260676+00:00,b'\x18\x93\x8a\xc3',11.6620197005847,17.759,Weymouth,42.2123,-70.9619,7922.0,"COMCAST-7922 - Comcast Cable Communications, Inc."
233718,2020-06-30 19:34:08.964971+00:00,b'\x18\x93\x8cy',5.794281842851422,20.917,Weymouth,42.2123,-70.9619,7922.0,"COMCAST-7922 - Comcast Cable Communications, Inc."
233824,2020-06-30 00:00:11.480860+00:00,b'\x18\x93\x82\x1b',11.752472748897793,18.973,Weymouth,42.2123,-70.9619,7922.0,"COMCAST-7922 - Comcast Cable Communications, Inc."
234059,2020-06-30 19:40:25.281189+00:00,b'\x18\x93\x8c ',0.0217840408438401,18.601,Weymouth,42.2123,-70.9619,7922.0,"COMCAST-7922 - Comcast Cable Communications, Inc."
234406,2020-06-30 19:34:54.952970+00:00,b'\x18\x93\x8cy',5.626598454787465,27.467,Weymouth,42.2123,-70.9619,7922.0,"COMCAST-7922 - Comcast Cable Communications, Inc."
235643,2020-07-01 19:33:51.878783+00:00,"b'\x18""\x1e\x17'",11.80991746910204,22.187,Weymouth,42.2123,-70.9619,7922.0,"COMCAST-7922 - Comcast Cable Communications, Inc."
237500,2020-07-02 12:25:36.473261+00:00,b'KC\x13g',7.444482556645504,21.556,Weymouth,42.2123,-70.9619,7922.0,"COMCAST-7922 - Comcast Cable Communications, Inc."
238211,2020-07-02 19:33:51.861860+00:00,"b'\x18""\x1e\x17'",11.800220810627296,20.282,Weymouth,42.2123,-70.9619,7922.0,"COMCAST-7922 - Comcast Cable Communications, Inc."
238880,2020-07-03 19:33:51.973387+00:00,"b'\x18""\x1e\x17'",11.817864934463405,19.982,Weymouth,42.2123,-70.9619,7922.0,"COMCAST-7922 - Comcast Cable Communications, Inc."
241439,2020-07-04 19:33:52.031621+00:00,"b'\x18""\x1e\x17'",11.804117124062738,21.958,Weymouth,42.2123,-70.9619,7922.0,"COMCAST-7922 - Comcast Cable Communications, Inc."
241993,2020-07-05 19:33:17.490792+00:00,"b'\x18""\x1c\xab'",5.204469121715744,95.561,Weymouth,42.2123,-70.9619,7922.0,"COMCAST-7922 - Comcast Cable Communications, Inc."
242341,2020-07-05 19:41:21.050816+00:00,"b'\x18""\x1c\xab'",5.507480855578223,104.004,Weymouth,42.2123,-70.9619,7922.0,"COMCAST-7922 - Comcast Cable Communications, Inc."
242510,2020-07-05 19:33:52.040174+00:00,"b'\x18""\x1e\x17'",11.81215158546289,21.393,Weymouth,42.2123,-70.9619,7922.0,"COMCAST-7922 - Comcast Cable Communications, Inc."
242693,2020-07-05 16:00:06.382874+00:00,b' \x01\x05\xb0E\xc6Ah=\x864\x1d\\\xcb\xdb\xf1',2.6873862779999262,40.562,Weymouth,42.2123,-70.9619,6621.0,HNS-DIRECPC - Hughes Network Systems
243152,2020-07-06 19:33:51.853295+00:00,"b'\x18""\x1e\x17'",11.814062445596472,22.09,Weymouth,42.2123,-70.9619,7922.0,"COMCAST-7922 - Comcast Cable Communications, Inc."
244515,2020-07-06 16:01:56.136055+00:00,b'2\xdc_\xea',41.32104454698924,43.314,Weymouth,42.2123,-70.9619,7922.0,"COMCAST-7922 - Comcast Cable Communications, Inc."
245109,2020-07-07 19:33:51.903212+00:00,"b'\x18""\x1e\x17'",11.811499038628549,22.362,Weymouth,42.2123,-70.9619,7922.0,"COMCAST-7922 - Comcast Cable Communications, Inc."
246711,2020-07-07 16:12:44.965205+00:00,b'?v\r\x82',3.28293533618756,36.353,Weymouth,42.2123,-70.9619,701.0,"UUNET - MCI Communications Services, Inc. d/b/a Verizon Business"
247526,2020-07-08 16:07:15.295816+00:00,b'\xad\xfc\x89\xfe',3.4321190517434563,17.213,Weymouth,42.2123,-70.9619,7381.0,SASUSA SunGard Availability Services USA
248154,2020-07-08 16:10:57.894816+00:00,b'2\xdc^\x92',58.20775091796247,59.18,Weymouth,42.2123,-70.9619,7922.0,"COMCAST-7922 - Comcast Cable Communications, Inc."
248182,2020-07-08 19:33:52.017321+00:00,"b'\x18""\x1e\x17'",11.809357994571576,21.988,Weymouth,42.2123,-70.9619,7922.0,"COMCAST-7922 - Comcast Cable Communications, Inc."
249729,2020-07-09 19:49:03.120256+00:00,"b'&\x04`\x00\x15#\x0c\xf5,r\xe8\xab$\xb4C\x83'",9.799602422086709,57.772,Weymouth,42.2123,-70.9619,11351.0,RR-NYSREGION-ASN-01 - Time Warner Cable Internet LLC
250153,2020-07-09 19:33:52.116003+00:00,"b'\x18""\x1e\x17'",11.80099941768252,24.761,Weymouth,42.2123,-70.9619,7922.0,"COMCAST-7922 - Comcast Cable Communications, Inc."
251497,2020-07-10 19:33:51.918529+00:00,"b'\x18""\x1e\x17'",11.803654411853426,24.297,Weymouth,42.2123,-70.9619,7922.0,"COMCAST-7922 - Comcast Cable Communications, Inc."
253360,2020-07-11 19:30:31.628118+00:00,b'FX\xdf\xf1',33.79827728657136,18.731,Weymouth,42.2123,-70.9619,7922.0,"COMCAST-7922 - Comcast Cable Communications, Inc."
253871,2020-07-11 19:33:22.316781+00:00,b'FX\xdf\xf1',34.78172192137987,19.284,Weymouth,42.2123,-70.9619,7922.0,"COMCAST-7922 - Comcast Cable Communications, Inc."
253904,2020-07-11 19:33:51.935621+00:00,"b'\x18""\x1e\x17'",11.809480136875608,23.969,Weymouth,42.2123,-70.9619,7922.0,"COMCAST-7922 - Comcast Cable Communications, Inc."
254169,2020-07-11 19:30:47.568571+00:00,b'FX\xdf\xf1',34.935762269464384,30.917,Weymouth,42.2123,-70.9619,7922.0,"COMCAST-7922 - Comcast Cable Communications, Inc."
254363,2020-07-12 12:07:05.148049+00:00,"b'\x18""\x1d\xa1'",16.910218203120575,23.068,Weymouth,42.2123,-70.9619,7922.0,"COMCAST-7922 - Comcast Cable Communications, Inc."
254960,2020-07-12 19:33:51.991817+00:00,"b'\x18""\x1e\x17'",11.809498756255122,22.053,Weymouth,42.2123,-70.9619,7922.0,"COMCAST-7922 - Comcast Cable Communications, Inc."
256891,2020-07-13 19:33:52.109650+00:00,"b'\x18""\x1e\x17'",11.684356838325968,24.014,Weymouth,42.2123,-70.9619,7922.0,"COMCAST-7922 - Comcast Cable Communications, Inc."
259484,2020-07-14 19:33:52.089767+00:00,"b'\x18""\x1e\x17'",11.790050975647402,22.075,Weymouth,42.2123,-70.9619,7922.0,"COMCAST-7922 - Comcast Cable Communications, Inc."
261101,2020-07-15 19:33:52.125772+00:00,"b'\x18""\x1e\x17'",11.761542649241337,23.889,Weymouth,42.2123,-70.9619,7922.0,"COMCAST-7922 - Comcast Cable Communications, Inc."
261985,2020-07-16 19:33:52.100446+00:00,"b'\x18""\x1e\x17'",11.44957148999138,21.471,Weymouth,42.2123,-70.9619,7922.0,"COMCAST-7922 - Comcast Cable Communications, Inc."
264786,2020-07-17 19:34:01.082862+00:00,"b'\x18""\x1f\x9d'",10.671818266932751,11.052,Weymouth,42.2123,-70.9619,7922.0,"COMCAST-7922 - Comcast Cable Communications, Inc."
265063,2020-07-17 19:33:51.878516+00:00,"b'\x18""\x1e\x17'",11.75951254766818,20.177,Weymouth,42.2123,-70.9619,7922.0,"COMCAST-7922 - Comcast Cable Communications, Inc."
265336,2020-07-18 19:33:51.934219+00:00,"b'\x18""\x1e\x17'",11.72028220031339,26.261,Weymouth,42.2123,-70.9619,7922.0,"COMCAST-7922 - Comcast Cable Communications, Inc."
266935,2020-07-19 19:33:51.991935+00:00,"b'\x18""\x1e\x17'",11.80989421234413,22.047,Weymouth,42.2123,-70.9619,7922.0,"COMCAST-7922 - Comcast Cable Communications, Inc."
266978,2020-07-19 00:03:51.801221+00:00,b'C\xbd\x95\x81',17.85255768958396,15.932,Weymouth,42.2123,-70.9619,7922.0,"COMCAST-7922 - Comcast Cable Communications, Inc."
267034,2020-07-19 16:22:01.737113+00:00,"b'\x18""\x18O'",5.908577376372784,21.776,Weymouth,42.2123,-70.9619,7922.0,"COMCAST-7922 - Comcast Cable Communications, Inc."
267294,2020-07-19 16:20:35.607585+00:00,"b'\x18""\x18O'",5.869324204156381,19.155,Weymouth,42.2123,-70.9619,7922.0,"COMCAST-7922 - Comcast Cable Communications, Inc."
268385,2020-07-19 16:16:35.129787+00:00,"b'\x18""\x18O'",5.898294577678715,22.324,Weymouth,42.2123,-70.9619,7922.0,"COMCAST-7922 - Comcast Cable Communications, Inc."
268451,2020-07-20 16:23:56.046807+00:00,b'`Qr\xf9',14.317295379441063,17.902,Weymouth,42.2123,-70.9619,7922.0,"COMCAST-7922 - Comcast Cable Communications, Inc."
268873,2020-07-20 12:22:41.673062+00:00,b'I\x10\xe4\x16',5.404935690816907,18.219,Weymouth,42.2123,-70.9619,7922.0,"COMCAST-7922 - Comcast Cable Communications, Inc."
269469,2020-07-20 19:33:51.968036+00:00,"b'\x18""\x1e\x17'",11.649101976193531,23.012,Weymouth,42.2123,-70.9619,7922.0,"COMCAST-7922 - Comcast Cable Communications, Inc."
270525,2020-07-21 16:14:22.319542+00:00,b'I\x10\xe4\x16',5.4774456033595,16.154,Weymouth,42.2123,-70.9619,7922.0,"COMCAST-7922 - Comcast Cable Communications, Inc."
270746,2020-07-21 19:33:51.972858+00:00,"b'\x18""\x1e\x17'",11.436060360628442,21.912,Weymouth,42.2123,-70.9619,7922.0,"COMCAST-7922 - Comcast Cable Communications, Inc."
271101,2020-07-21 16:13:27.164183+00:00,b'I\x10\xe4\x16',5.553710331235654,18.033,Weymouth,42.2123,-70.9619,7922.0,"COMCAST-7922 - Comcast Cable Communications, Inc."
271777,2020-07-21 16:18:09.735607+00:00,"b'\x18""\x1c\xa1'",3.4671954849787388,19.5,Weymouth,42.2123,-70.9619,7922.0,"COMCAST-7922 - Comcast Cable Communications, Inc."
272263,2020-07-22 12:08:13.633696+00:00,b'I\x10\xe6M',11.709805035830737,14.155,Weymouth,42.2123,-70.9619,7922.0,"COMCAST-7922 - Comcast Cable Communications, Inc."
272568,2020-07-22 19:33:52.042013+00:00,"b'\x18""\x1e\x17'",4.012259947106057,43.882,Weymouth,42.2123,-70.9619,7922.0,"COMCAST-7922 - Comcast Cable Communications, Inc."
273269,2020-07-22 12:07:42.302385+00:00,b'I\x10\xe6M',11.750897192819773,24.01,Weymouth,42.2123,-70.9619,7922.0,"COMCAST-7922 - Comcast Cable Communications, Inc."
274127,2020-07-23 19:33:52.062641+00:00,"b'\x18""\x1e\x17'",11.799778278644665,22.071,Weymouth,42.2123,-70.9619,7922.0,"COMCAST-7922 - Comcast Cable Communications, Inc."
276270,2020-07-24 19:40:49.218273+00:00,b'\xad\xfc\x89\xfe',54.14848909791989,16.587,Weymouth,42.2123,-70.9619,7381.0,SASUSA SunGard Availability Services USA
277736,2020-07-24 19:33:52.155769+00:00,"b'\x18""\x1e\x17'",11.74257841535376,22.085,Weymouth,42.2123,-70.9619,7922.0,"COMCAST-7922 - Comcast Cable Communications, Inc."
279052,2020-07-25 19:33:51.902428+00:00,"b'\x18""\x1e\x17'",11.801935673221974,24.291,Weymouth,42.2123,-70.9619,7922.0,"COMCAST-7922 - Comcast Cable Communications, Inc."
279676,2020-07-26 19:33:51.945353+00:00,"b'\x18""\x1e\x17'",11.80699828402414,21.947,Weymouth,42.2123,-70.9619,7922.0,"COMCAST-7922 - Comcast Cable Communications, Inc."
281256,2020-07-27 16:19:27.117153+00:00,b'KC\x12\xa7',5.587328652362218,17.045,Weymouth,42.2123,-70.9619,7922.0,"COMCAST-7922 - Comcast Cable Communications, Inc."
281418,2020-07-27 19:33:52.154150+00:00,"b'\x18""\x1e\x17'",11.575012456315728,24.175,Weymouth,42.2123,-70.9619,7922.0,"COMCAST-7922 - Comcast Cable Communications, Inc."
284970,2020-07-29 00:03:27.584436+00:00,b'&\x04`\x00\x15#\x0c\x17\x9d\xcc\n\x05s\x19\xa8c',5.06594456642524,57.082,Weymouth,42.2123,-70.9619,11351.0,RR-NYSREGION-ASN-01 - Time Warner Cable Internet LLC
285177,2020-07-29 00:02:16.091112+00:00,b'&\x04`\x00\x15#\x0c\x17\x9d\xcc\n\x05s\x19\xa8c',5.348442529287493,62.185,Weymouth,42.2123,-70.9619,11351.0,RR-NYSREGION-ASN-01 - Time Warner Cable Internet LLC
285497,2020-07-29 19:33:52.250763+00:00,"b'\x18""\x1e\x17'",11.71151809796989,22.207,Weymouth,42.2123,-70.9619,7922.0,"COMCAST-7922 - Comcast Cable Communications, Inc."
285821,2020-07-30 19:33:52.441039+00:00,"b'\x18""\x1e\x17'",11.758610614298783,22.136,Weymouth,42.2123,-70.9619,7922.0,"COMCAST-7922 - Comcast Cable Communications, Inc."
287311,2020-07-31 19:33:50.151847+00:00,"b'\x18""\x1e\x17'",11.80291465351816,22.044,Weymouth,42.2123,-70.9619,7922.0,"COMCAST-7922 - Comcast Cable Communications, Inc."
287329,2020-07-31 19:49:05.887633+00:00,b'I\xba\xd53',9.11739041748374,40.394,Weymouth,42.2123,-70.9619,7922.0,"COMCAST-7922 - Comcast Cable Communications, Inc."
288634,2020-08-01 19:33:51.927869+00:00,"b'\x18""\x1e\x17'",11.751434149527586,21.999,Weymouth,42.2123,-70.9619,7922.0,"COMCAST-7922 - Comcast Cable Communications, Inc."
289937,2020-08-02 19:33:51.961087+00:00,"b'\x18""\x1e\x17'",10.065743881565288,24.307,Weymouth,42.2123,-70.9619,7922.0,"COMCAST-7922 - Comcast Cable Communications, Inc."
292108,2020-08-03 19:33:52.044983+00:00,"b'\x18""\x1e\x17'",11.804403546622472,22.23,Weymouth,42.2123,-70.9619,7922.0,"COMCAST-7922 - Comcast Cable Communications, Inc."
292657,2020-08-04 19:33:50.207967+00:00,"b'\x18""\x1e\x17'",11.733016248734904,24.233,Weymouth,42.2123,-70.9619,7922.0,"COMCAST-7922 - Comcast Cable Communications, Inc."
293133,2020-08-04 19:56:28.067794+00:00,b'FX\xdf\x91',5.890902787502088,23.501,Weymouth,42.2123,-70.9619,7922.0,"COMCAST-7922 - Comcast Cable Communications, Inc."
295455,2020-08-05 19:33:52.453598+00:00,"b'\x18""\x1e\x17'",11.703269479910482,22.23,Weymouth,42.2123,-70.9619,7922.0,"COMCAST-7922 - Comcast Cable Communications, Inc."
295759,2020-08-06 19:33:51.899442+00:00,"b'\x18""\x1e\x17'",11.801354042163984,21.813,Weymouth,42.2123,-70.9619,7922.0,"COMCAST-7922 - Comcast Cable Communications, Inc."
298035,2020-08-07 19:33:51.994257+00:00,"b'\x18""\x1e\x17'",9.867716193879032,15.092,Weymouth,42.2123,-70.9619,7922.0,"COMCAST-7922 - Comcast Cable Communications, Inc."
298307,2020-08-08 19:33:51.971930+00:00,"b'\x18""\x1e\x17'",11.815301173023238,22.369,Weymouth,42.2123,-70.9619,7922.0,"COMCAST-7922 - Comcast Cable Communications, Inc."
300901,2020-08-09 19:33:51.907630+00:00,"b'\x18""\x1e\x17'",11.807939442151214,23.141,Weymouth,42.2123,-70.9619,7922.0,"COMCAST-7922 - Comcast Cable Communications, Inc."
302514,2020-08-10 19:33:51.951333+00:00,"b'\x18""\x1e\x17'",11.578108272125764,21.31,Weymouth,42.2123,-70.9619,7922.0,"COMCAST-7922 - Comcast Cable Communications, Inc."
304277,2020-08-11 12:14:55.714344+00:00,b'I&3\xb6',5.887193855799951,22.705,Weymouth,42.2123,-70.9619,7922.0,"COMCAST-7922 - Comcast Cable Communications, Inc."
304439,2020-08-11 19:33:51.860268+00:00,"b'\x18""\x1e\x17'",9.900798603616591,22.733,Weymouth,42.2123,-70.9619,7922.0,"COMCAST-7922 - Comcast Cable Communications, Inc."
305811,2020-08-12 19:33:51.960306+00:00,"b'\x18""\x1e\x17'",11.774673314532334,24.579,Weymouth,42.2123,-70.9619,7922.0,"COMCAST-7922 - Comcast Cable Communications, Inc."
306800,2020-08-13 16:03:59.979328+00:00,b'FX\xdf\x91',15.425558845050755,18.089,Weymouth,42.2123,-70.9619,7922.0,"COMCAST-7922 - Comcast Cable Communications, Inc."
306840,2020-08-13 19:33:51.822682+00:00,"b'\x18""\x1e\x17'",11.795309729461458,24.103,Weymouth,42.2123,-70.9619,7922.0,"COMCAST-7922 - Comcast Cable Communications, Inc."
307563,2020-08-13 16:00:25.233960+00:00,b'FX\xdf\x91',16.862454133163265,19.597,Weymouth,42.2123,-70.9619,7922.0,"COMCAST-7922 - Comcast Cable Communications, Inc."
309008,2020-08-14 19:33:52.157260+00:00,"b'\x18""\x1e\x17'",11.792421015161644,20.051,Weymouth,42.2123,-70.9619,7922.0,"COMCAST-7922 - Comcast Cable Communications, Inc."
310021,2020-08-15 19:33:52.167768+00:00,"b'\x18""\x1e\x17'",11.828355747736126,20.102,Weymouth,42.2123,-70.9619,7922.0,"COMCAST-7922 - Comcast Cable Communications, Inc."
311376,2020-08-16 19:33:52.179849+00:00,"b'\x18""\x1e\x17'",11.812475444623526,24.117,Weymouth,42.2123,-70.9619,7922.0,"COMCAST-7922 - Comcast Cable Communications, Inc."
312570,2020-08-17 19:33:57.102751+00:00,"b'\x18""\x1e\x17'",11.786459495158676,24.356,Weymouth,42.2123,-70.9619,7922.0,"COMCAST-7922 - Comcast Cable Communications, Inc."
315107,2020-08-18 19:33:52.098859+00:00,"b'\x18""\x1e\x17'",11.774888277247475,22.021,Weymouth,42.2123,-70.9619,7922.0,"COMCAST-7922 - Comcast Cable Communications, Inc."
315842,2020-08-19 19:33:52.147043+00:00,"b'\x18""\x1e\x17'",11.764977182133633,21.94,Weymouth,42.2123,-70.9619,7922.0,"COMCAST-7922 - Comcast Cable Communications, Inc."
317079,2020-08-20 19:33:52.215618+00:00,"b'\x18""\x1e\x17'",11.305067693616696,23.187,Weymouth,42.2123,-70.9619,7922.0,"COMCAST-7922 - Comcast Cable Communications, Inc."
318057,2020-08-21 19:33:52.063868+00:00,"b'\x18""\x1e\x17'",11.686727147839765,22.999,Weymouth,42.2123,-70.9619,7922.0,"COMCAST-7922 - Comcast Cable Communications, Inc."
319632,2020-08-22 19:33:53.072080+00:00,"b'\x18""\x1e\x17'",11.521932400972467,26.175,Weymouth,42.2123,-70.9619,7922.0,"COMCAST-7922 - Comcast Cable Communications, Inc."
321206,2020-08-23 19:33:52.045743+00:00,"b'\x18""\x1e\x17'",11.8204577556899,22.031,Weymouth,42.2123,-70.9619,7922.0,"COMCAST-7922 - Comcast Cable Communications, Inc."
322954,2020-08-24 19:33:52.049067+00:00,"b'\x18""\x1e\x17'",11.560277819769022,18.238,Weymouth,42.2123,-70.9619,7922.0,"COMCAST-7922 - Comcast Cable Communications, Inc."
324151,2020-08-25 19:33:52.040436+00:00,"b'\x18""\x1e\x17'",11.798677507135514,20.425,Weymouth,42.2123,-70.9619,7922.0,"COMCAST-7922 - Comcast Cable Communications, Inc."
324553,2020-08-26 19:33:51.996672+00:00,"b'\x18""\x1e\x17'",10.82599058120834,19.013,Weymouth,42.2123,-70.9619,7922.0,"COMCAST-7922 - Comcast Cable Communications, Inc."
326545,2020-08-27 19:33:52.013421+00:00,"b'\x18""\x1e\x17'",11.554248577727806,21.848,Weymouth,42.2123,-70.9619,7922.0,"COMCAST-7922 - Comcast Cable Communications, Inc."
327251,2020-08-28 19:33:52.044487+00:00,"b'\x18""\x1e\x17'",11.80450831002021,24.1,Weymouth,42.2123,-70.9619,7922.0,"COMCAST-7922 - Comcast Cable Communications, Inc."
328371,2020-08-29 19:33:52.000490+00:00,"b'\x18""\x1e\x17'",11.724464634050372,19.984,Weymouth,42.2123,-70.9619,7922.0,"COMCAST-7922 - Comcast Cable Communications, Inc."
330021,2020-08-30 16:07:25.098999+00:00,b'C\xbd\x94m',5.765672508035481,17.679,Weymouth,42.2123,-70.9619,7922.0,"COMCAST-7922 - Comcast Cable Communications, Inc."
330261,2020-08-30 19:33:52.035393+00:00,"b'\x18""\x1e\x17'",11.83375643500193,18.332,Weymouth,42.2123,-70.9619,7922.0,"COMCAST-7922 - Comcast Cable Communications, Inc."
331045,2020-08-31 19:33:52.069457+00:00,"b'\x18""\x1e\x17'",11.823822291512808,20.57,Weymouth,42.2123,-70.9619,7922.0,"COMCAST-7922 - Comcast Cable Communications, Inc."
336460,2020-09-04 12:29:43.379615+00:00,b'I&3\x8f',37.72869341290898,24.183,Weymouth,42.2123,-70.9619,7922.0,"COMCAST-7922 - Comcast Cable Communications, Inc."
367749,2020-10-06 16:11:29.759841+00:00,b'\xad\xa2\xd8d',40.5409319298978,18.127,Weymouth,42.2123,-70.9619,7922.0,"COMCAST-7922 - Comcast Cable Communications, Inc."
368421,2020-10-07 00:14:07.642142+00:00,b'\xad\xa2\xd8d',40.93012895469461,15.248,Weymouth,42.2123,-70.9619,7922.0,"COMCAST-7922 - Comcast Cable Communications, Inc."
368484,2020-10-07 00:20:08.163526+00:00,b'\xad\xa2\xd8d',10.950542969070463,21.238,Weymouth,42.2123,-70.9619,7922.0,"COMCAST-7922 - Comcast Cable Communications, Inc."
368485,2020-10-07 00:05:06.685498+00:00,b'\xad\xa2\xd8d',40.91855841364461,15.26,Weymouth,42.2123,-70.9619,7922.0,"COMCAST-7922 - Comcast Cable Communications, Inc."
368593,2020-10-07 00:21:37.836539+00:00,b'\xad\xa2\xd8d',22.03310274102469,15.873,Weymouth,42.2123,-70.9619,7922.0,"COMCAST-7922 - Comcast Cable Communications, Inc."
368612,2020-10-07 00:19:31.013515+00:00,b'\xad\xa2\xd8d',14.108823314962123,21.13,Weymouth,42.2123,-70.9619,7922.0,"COMCAST-7922 - Comcast Cable Communications, Inc."
368914,2020-10-07 00:15:48.110461+00:00,b'\xad\xa2\xd8d',40.84435525669189,13.978,Weymouth,42.2123,-70.9619,7922.0,"COMCAST-7922 - Comcast Cable Communications, Inc."
369136,2020-10-07 00:17:27.609089+00:00,b'\xad\xa2\xd8d',41.11551628851378,14.645,Weymouth,42.2123,-70.9619,7922.0,"COMCAST-7922 - Comcast Cable Communications, Inc."
381566,2020-10-21 19:35:58.254009+00:00,b'\xad\xa2\xd8\xb9',39.90496036432764,16.583,Weymouth,42.2123,-70.9619,7922.0,"COMCAST-7922 - Comcast Cable Communications, Inc."
403874,2020-11-18 01:16:55.736908+00:00,"b'\x18""\x1c\xab'",16.5459160340937,15.572,Weymouth,42.2123,-70.9619,7922.0,"COMCAST-7922 - Comcast Cable Communications, Inc."
404150,2020-11-18 01:22:24.261730+00:00,"b'\x18""\x1c\xab'",17.200068377804115,15.157,Weymouth,42.2123,-70.9619,7922.0,"COMCAST-7922 - Comcast Cable Communications, Inc."
404458,2020-11-18 01:06:13.461893+00:00,"b'\x18""\x1c\xab'",5.792119635685265,15.404,Weymouth,42.2123,-70.9619,7922.0,"COMCAST-7922 - Comcast Cable Communications, Inc."
408751,2020-11-24 01:01:23.919156+00:00,"b'\x18""\x1e9'",11.68612181776114,21.894,Weymouth,42.2123,-70.9619,7922.0,"COMCAST-7922 - Comcast Cable Communications, Inc."
424911,2020-12-15 13:02:49.061670+00:00,b'b\xd9\xa2b',17.59057178386312,14.997,Weymouth,42.2123,-70.9619,7922.0,"COMCAST-7922 - Comcast Cable Communications, Inc."
425112,2020-12-15 13:02:21.069854+00:00,b'b\xd9\xa2b',17.70391269544294,15.742,Weymouth,42.2123,-70.9619,7922.0,"COMCAST-7922 - Comcast Cable Communications, Inc."
436012,2020-12-30 20:38:37.642816+00:00,b'&\x01\x01\x9b\x84\x00\xa9\x8e\x88\x96\xa0\xde\xf6\xac\x02\x16',8.81173598234967,15.42,Weymouth,42.2123,-70.9619,7922.0,"COMCAST-7922 - Comcast Cable Communications, Inc."
436142,2020-12-30 20:55:06.323467+00:00,b'&\x01\x01\x9b\x84\x00\xa9\x8eQ;\x93\xbb\xc6Hu\x97',15.596803683339862,17.657,Weymouth,42.2123,-70.9619,7922.0,"COMCAST-7922 - Comcast Cable Communications, Inc."
436164,2020-12-30 20:55:23.758082+00:00,b'&\x01\x01\x9b\x84\x00\xa9\x8eQ;\x93\xbb\xc6Hu\x97',7.223491642397673,16.114,Weymouth,42.2123,-70.9619,7922.0,"COMCAST-7922 - Comcast Cable Communications, Inc."
436221,2020-12-30 20:39:42.430654+00:00,b'&\x01\x01\x9b\x84\x00\xa9\x8e\x99/\xe4%\x12S\xd0)',17.31841372960954,16.916,Weymouth,42.2123,-70.9619,7922.0,"COMCAST-7922 - Comcast Cable Communications, Inc."
436399,2020-12-30 20:56:03.899519+00:00,b'&\x01\x01\x9b\x84\x00\xa9\x8e\xcd\xd5t\xc47\x8d\xac\xf6',13.446573483846077,18.682,Weymouth,42.2123,-70.9619,7922.0,"COMCAST-7922 - Comcast Cable Communications, Inc."
436442,2020-12-30 20:38:48.413360+00:00,b'&\x01\x01\x9b\x84\x00\xa9\x8e\x88\x96\xa0\xde\xf6\xac\x02\x16',17.23456037981456,13.464,Weymouth,42.2123,-70.9619,7922.0,"COMCAST-7922 - Comcast Cable Communications, Inc."
436527,2020-12-30 20:38:21.019070+00:00,b'&\x01\x01\x9b\x84\x00\xa9\x8e\x88\x96\xa0\xde\xf6\xac\x02\x16',7.823112012705492,19.849,Weymouth,42.2123,-70.9619,7922.0,"COMCAST-7922 - Comcast Cable Communications, Inc."
436537,2020-12-30 20:54:50.968822+00:00,b'&\x01\x01\x9b\x84\x00\xa9\x8eQ;\x93\xbb\xc6Hu\x97',10.926515771630502,16.506,Weymouth,42.2123,-70.9619,7922.0,"COMCAST-7922 - Comcast Cable Communications, Inc."
