Town,ProviderName
ABINGTON,MCI Communications Corporation
ABINGTON,Crown Castle Fiber LLC
ABINGTON,"ViaSat, Inc."
ABINGTON,U.S. TelePacific Corp.
ABINGTON,"Broadview Networks Holdings, Inc."
ABINGTON,"COMCAST CABLE COMMUNICATIONS, LLC"
ABINGTON,"EarthLink Business, LLC"
ABINGTON,"PAETEC Communications, Inc."
ABINGTON,"Spectrotel, Inc."
ABINGTON,Verizon New England Inc.
ABINGTON,GCI Communication Corp.
ABINGTON,"HNS License Sub, LLC"
ABINGTON,"VSAT Systems, LLC"
ACUSHNET CENTER,"ViaSat, Inc."
ACUSHNET CENTER,U.S. TelePacific Corp.
ACUSHNET CENTER,"COMCAST CABLE COMMUNICATIONS, LLC"
ACUSHNET CENTER,"PAETEC Communications, Inc."
ACUSHNET CENTER,Verizon New England Inc.
ACUSHNET CENTER,GCI Communication Corp.
ACUSHNET CENTER,"HNS License Sub, LLC"
ACUSHNET CENTER,"VSAT Systems, LLC"
ADAMS,MCI Communications Corporation
ADAMS,"ViaSat, Inc."
ADAMS,U.S. TelePacific Corp.
ADAMS,Taconic Telephone Corp.
ADAMS,"PAETEC Communications, Inc."
ADAMS,"Charter Communications, Inc."
ADAMS,Verizon New England Inc.
ADAMS,GCI Communication Corp.
ADAMS,"HNS License Sub, LLC"
ADAMS,"VSAT Systems, LLC"
AGAWAM TOWN,"XO Communications Services, LLC"
AGAWAM TOWN,MCI Communications Corporation
AGAWAM TOWN,"Level  3 Communications, LLC"
AGAWAM TOWN,CRC Communications LLC
AGAWAM TOWN,Crown Castle Fiber LLC
AGAWAM TOWN,"ViaSat, Inc."
AGAWAM TOWN,U.S. TelePacific Corp.
AGAWAM TOWN,"Broadview Networks Holdings, Inc."
AGAWAM TOWN,Network Billing Systems LLC
AGAWAM TOWN,"COMCAST CABLE COMMUNICATIONS, LLC"
AGAWAM TOWN,"EarthLink Business, LLC"
AGAWAM TOWN,"McLeodUSA Telecommunications Services, L.L.C."
AGAWAM TOWN,"PAETEC Communications, Inc."
AGAWAM TOWN,Verizon New England Inc.
AGAWAM TOWN,GCI Communication Corp.
AGAWAM TOWN,"HNS License Sub, LLC"
AGAWAM TOWN,"VSAT Systems, LLC"
AMESBURY TOWN,"XO Communications Services, LLC"
AMESBURY TOWN,MCI Communications Corporation
AMESBURY TOWN,"Level  3 Communications, LLC"
AMESBURY TOWN,"ViaSat, Inc."
AMESBURY TOWN,U.S. TelePacific Corp.
AMESBURY TOWN,"Broadview Networks Holdings, Inc."
AMESBURY TOWN,"COMCAST CABLE COMMUNICATIONS, LLC"
AMESBURY TOWN,"EarthLink Business, LLC"
AMESBURY TOWN,Verizon New England Inc.
AMESBURY TOWN,GCI Communication Corp.
AMESBURY TOWN,"HNS License Sub, LLC"
AMESBURY TOWN,"VSAT Systems, LLC"
AMHERST CENTER,MCI Communications Corporation
AMHERST CENTER,CRC Communications LLC
AMHERST CENTER,Crown Castle Fiber LLC
AMHERST CENTER,"ViaSat, Inc."
AMHERST CENTER,U.S. TelePacific Corp.
AMHERST CENTER,"Broadview Networks Holdings, Inc."
AMHERST CENTER,"COMCAST CABLE COMMUNICATIONS, LLC"
AMHERST CENTER,"EarthLink Business, LLC"
AMHERST CENTER,"PAETEC Communications, Inc."
AMHERST CENTER,"Charter Communications, Inc."
AMHERST CENTER,Verizon New England Inc.
AMHERST CENTER,GCI Communication Corp.
AMHERST CENTER,"HNS License Sub, LLC"
AMHERST CENTER,"VSAT Systems, LLC"
ANDOVER,"XO Communications Services, LLC"
ANDOVER,MCI Communications Corporation
ANDOVER,"Level  3 Communications, LLC"
ANDOVER,Crown Castle Fiber LLC
ANDOVER,"ViaSat, Inc."
ANDOVER,U.S. TelePacific Corp.
ANDOVER,"Birch Communications, Inc."
ANDOVER,"Broadview Networks Holdings, Inc."
ANDOVER,"COMCAST CABLE COMMUNICATIONS, LLC"
ANDOVER,"EarthLink Business, LLC"
ANDOVER,"PAETEC Communications, Inc."
ANDOVER,Verizon New England Inc.
ANDOVER,GCI Communication Corp.
ANDOVER,"HNS License Sub, LLC"
ANDOVER,"VSAT Systems, LLC"
ARLINGTON,"XO Communications Services, LLC"
ARLINGTON,MCI Communications Corporation
ARLINGTON,"Level  3 Communications, LLC"
ARLINGTON,"RCN Telecom Services of Massachusetts, LLC"
ARLINGTON,Crown Castle Fiber LLC
ARLINGTON,"ViaSat, Inc."
ARLINGTON,U.S. TelePacific Corp.
ARLINGTON,New Horizon Communications Group Inc
ARLINGTON,netBlazr Inc.
ARLINGTON,"Broadview Networks Holdings, Inc."
ARLINGTON,"COMCAST CABLE COMMUNICATIONS, LLC"
ARLINGTON,"EarthLink Business, LLC"
ARLINGTON,"PAETEC Communications, Inc."
ARLINGTON,"Starry, Inc"
ARLINGTON,"Spectrotel, Inc."
ARLINGTON,Verizon New England Inc.
ARLINGTON,GCI Communication Corp.
ARLINGTON,"HNS License Sub, LLC"
ARLINGTON,"VSAT Systems, LLC"
ATHOL,MCI Communications Corporation
ATHOL,"ViaSat, Inc."
ATHOL,U.S. TelePacific Corp.
ATHOL,"COMCAST CABLE COMMUNICATIONS, LLC"
ATHOL,"EarthLink Business, LLC"
ATHOL,"PAETEC Communications, Inc."
ATHOL,"Charter Communications, Inc."
ATHOL,Verizon New England Inc.
ATHOL,GCI Communication Corp.
ATHOL,"HNS License Sub, LLC"
ATHOL,"VSAT Systems, LLC"
ATTLEBORO,MCI Communications Corporation
ATTLEBORO,Crown Castle Fiber LLC
ATTLEBORO,"ViaSat, Inc."
ATTLEBORO,U.S. TelePacific Corp.
ATTLEBORO,"Broadview Networks Holdings, Inc."
ATTLEBORO,"COMCAST CABLE COMMUNICATIONS, LLC"
ATTLEBORO,"EarthLink Business, LLC"
ATTLEBORO,"PAETEC Communications, Inc."
ATTLEBORO,"Spectrotel, Inc."
ATTLEBORO,"Cox Communications, Inc"
ATTLEBORO,Verizon New England Inc.
ATTLEBORO,GCI Communication Corp.
ATTLEBORO,"HNS License Sub, LLC"
ATTLEBORO,"VSAT Systems, LLC"
AYER,MCI Communications Corporation
AYER,Crown Castle Fiber LLC
AYER,"ViaSat, Inc."
AYER,U.S. TelePacific Corp.
AYER,New Horizon Communications Group Inc
AYER,"COMCAST CABLE COMMUNICATIONS, LLC"
AYER,"EarthLink Business, LLC"
AYER,"PAETEC Communications, Inc."
AYER,"Charter Communications, Inc."
AYER,Verizon New England Inc.
AYER,GCI Communication Corp.
AYER,"HNS License Sub, LLC"
AYER,"VSAT Systems, LLC"
BALDWINVILLE,"ViaSat, Inc."
BALDWINVILLE,U.S. TelePacific Corp.
BALDWINVILLE,"COMCAST CABLE COMMUNICATIONS, LLC"
BALDWINVILLE,"EarthLink Business, LLC"
BALDWINVILLE,"PAETEC Communications, Inc."
BALDWINVILLE,"Charter Communications, Inc."
BALDWINVILLE,Verizon New England Inc.
BALDWINVILLE,GCI Communication Corp.
BALDWINVILLE,"HNS License Sub, LLC"
BALDWINVILLE,"VSAT Systems, LLC"
BARNSTABLE TOWN,"ViaSat, Inc."
BARNSTABLE TOWN,"COMCAST CABLE COMMUNICATIONS, LLC"
BARRE,MCI Communications Corporation
BARRE,"ViaSat, Inc."
BARRE,U.S. TelePacific Corp.
BARRE,"COMCAST CABLE COMMUNICATIONS, LLC"
BARRE,"PAETEC Communications, Inc."
BARRE,"Charter Communications, Inc."
BARRE,Verizon New England Inc.
BARRE,GCI Communication Corp.
BARRE,"HNS License Sub, LLC"
BARRE,"VSAT Systems, LLC"
BELCHERTOWN,Granby Telephone LLC
BELCHERTOWN,CRC Communications LLC
BELCHERTOWN,Crown Castle Fiber LLC
BELCHERTOWN,"ViaSat, Inc."
BELCHERTOWN,U.S. TelePacific Corp.
BELCHERTOWN,New Horizon Communications Group Inc
BELCHERTOWN,"COMCAST CABLE COMMUNICATIONS, LLC"
BELCHERTOWN,"PAETEC Communications, Inc."
BELCHERTOWN,"Spectrotel, Inc."
BELCHERTOWN,"Charter Communications, Inc."
BELCHERTOWN,Verizon New England Inc.
BELCHERTOWN,GCI Communication Corp.
BELCHERTOWN,"HNS License Sub, LLC"
BELCHERTOWN,"VSAT Systems, LLC"
BELLINGHAM,MCI Communications Corporation
BELLINGHAM,Crown Castle Fiber LLC
BELLINGHAM,"ViaSat, Inc."
BELLINGHAM,U.S. TelePacific Corp.
BELLINGHAM,"Broadview Networks Holdings, Inc."
BELLINGHAM,"COMCAST CABLE COMMUNICATIONS, LLC"
BELLINGHAM,"EarthLink Business, LLC"
BELLINGHAM,"PAETEC Communications, Inc."
BELLINGHAM,Verizon New England Inc.
BELLINGHAM,GCI Communication Corp.
BELLINGHAM,"HNS License Sub, LLC"
BELLINGHAM,"VSAT Systems, LLC"
BELMONT,MCI Communications Corporation
BELMONT,"RCN Telecom Services of Massachusetts, LLC"
BELMONT,"ViaSat, Inc."
BELMONT,U.S. TelePacific Corp.
BELMONT,Taconic Telephone Corp.
BELMONT,netBlazr Inc.
BELMONT,"COMCAST CABLE COMMUNICATIONS, LLC"
BELMONT,"PAETEC Communications, Inc."
BELMONT,Verizon New England Inc.
BELMONT,GCI Communication Corp.
BELMONT,"HNS License Sub, LLC"
BELMONT,"VSAT Systems, LLC"
BEVERLY,"XO Communications Services, LLC"
BEVERLY,MCI Communications Corporation
BEVERLY,"Level  3 Communications, LLC"
BEVERLY,Crown Castle Fiber LLC
BEVERLY,"ViaSat, Inc."
BEVERLY,"TOWERSTREAM, INC."
BEVERLY,U.S. TelePacific Corp.
BEVERLY,Taconic Telephone Corp.
BEVERLY,"Broadview Networks Holdings, Inc."
BEVERLY,"COMCAST CABLE COMMUNICATIONS, LLC"
BEVERLY,"EarthLink Business, LLC"
BEVERLY,"PAETEC Communications, Inc."
BEVERLY,Verizon New England Inc.
BEVERLY,GCI Communication Corp.
BEVERLY,"HNS License Sub, LLC"
BEVERLY,"VSAT Systems, LLC"
BLANDFORD,MCI Communications Corporation
BLANDFORD,"ViaSat, Inc."
BLANDFORD,U.S. TelePacific Corp.
BLANDFORD,"COMCAST CABLE COMMUNICATIONS, LLC"
BLANDFORD,"EarthLink Business, LLC"
BLANDFORD,Verizon New England Inc.
BLANDFORD,GCI Communication Corp.
BLANDFORD,"HNS License Sub, LLC"
BLANDFORD,"VSAT Systems, LLC"
BLISS CORNER,MCI Communications Corporation
BLISS CORNER,"ViaSat, Inc."
BLISS CORNER,U.S. TelePacific Corp.
BLISS CORNER,"Broadview Networks Holdings, Inc."
BLISS CORNER,"COMCAST CABLE COMMUNICATIONS, LLC"
BLISS CORNER,"PAETEC Communications, Inc."
BLISS CORNER,Verizon New England Inc.
BLISS CORNER,GCI Communication Corp.
BLISS CORNER,"HNS License Sub, LLC"
BLISS CORNER,"VSAT Systems, LLC"
BOSTON,"XO Communications Services, LLC"
BOSTON,MCI Communications Corporation
BOSTON,Business Only Broadband
BOSTON,"Level  3 Communications, LLC"
BOSTON,"USAi.net, Inc."
BOSTON,"RCN Telecom Services of Massachusetts, LLC"
BOSTON,Crown Castle Fiber LLC
BOSTON,"ViaSat, Inc."
BOSTON,"TOWERSTREAM, INC."
BOSTON,Cogent Communications Group
BOSTON,U.S. TelePacific Corp.
BOSTON,Taconic Telephone Corp.
BOSTON,"Telefonica USA, Inc."
BOSTON,netBlazr Inc.
BOSTON,"Birch Communications, Inc."
BOSTON,"Broadview Networks Holdings, Inc."
BOSTON,"COMCAST CABLE COMMUNICATIONS, LLC"
BOSTON,TCC Networks Inc
BOSTON,"EarthLink Business, LLC"
BOSTON,"PAETEC Communications, Inc."
BOSTON,"Starry, Inc"
BOSTON,"Spectrotel, Inc."
BOSTON,Verizon New England Inc.
BOSTON,GCI Communication Corp.
BOSTON,"HNS License Sub, LLC"
BOSTON,"VSAT Systems, LLC"
BOXFORD,Crown Castle Fiber LLC
BOXFORD,"ViaSat, Inc."
BOXFORD,U.S. TelePacific Corp.
BOXFORD,"COMCAST CABLE COMMUNICATIONS, LLC"
BOXFORD,"PAETEC Communications, Inc."
BOXFORD,Verizon New England Inc.
BOXFORD,GCI Communication Corp.
BOXFORD,"HNS License Sub, LLC"
BOXFORD,"VSAT Systems, LLC"
BRAINTREE TOWN,"XO Communications Services, LLC"
BRAINTREE TOWN,MCI Communications Corporation
BRAINTREE TOWN,"Level  3 Communications, LLC"
BRAINTREE TOWN,Crown Castle Fiber LLC
BRAINTREE TOWN,"ViaSat, Inc."
BRAINTREE TOWN,"TOWERSTREAM, INC."
BRAINTREE TOWN,"S-Net Communications, Inc."
BRAINTREE TOWN,U.S. TelePacific Corp.
BRAINTREE TOWN,"Birch Communications, Inc."
BRAINTREE TOWN,"Broadview Networks Holdings, Inc."
BRAINTREE TOWN,"COMCAST CABLE COMMUNICATIONS, LLC"
BRAINTREE TOWN,Braintree Electric Light Department
BRAINTREE TOWN,TCC Networks Inc
BRAINTREE TOWN,"EarthLink Business, LLC"
BRAINTREE TOWN,"PAETEC Communications, Inc."
BRAINTREE TOWN,"Spectrotel, Inc."
BRAINTREE TOWN,Verizon New England Inc.
BRAINTREE TOWN,GCI Communication Corp.
BRAINTREE TOWN,"HNS License Sub, LLC"
BRAINTREE TOWN,"VSAT Systems, LLC"
BRIDGEWATER,"XO Communications Services, LLC"
BRIDGEWATER,MCI Communications Corporation
BRIDGEWATER,Crown Castle Fiber LLC
BRIDGEWATER,"ViaSat, Inc."
BRIDGEWATER,U.S. TelePacific Corp.
BRIDGEWATER,"Broadview Networks Holdings, Inc."
BRIDGEWATER,"COMCAST CABLE COMMUNICATIONS, LLC"
BRIDGEWATER,TCC Networks Inc
BRIDGEWATER,"EarthLink Business, LLC"
BRIDGEWATER,"PAETEC Communications, Inc."
BRIDGEWATER,Verizon New England Inc.
BRIDGEWATER,GCI Communication Corp.
BRIDGEWATER,"HNS License Sub, LLC"
BRIDGEWATER,"VSAT Systems, LLC"
BROCKTON,"XO Communications Services, LLC"
BROCKTON,MCI Communications Corporation
BROCKTON,"Level  3 Communications, LLC"
BROCKTON,Crown Castle Fiber LLC
BROCKTON,"ViaSat, Inc."
BROCKTON,CBTS Technology Solutions LLC
BROCKTON,U.S. TelePacific Corp.
BROCKTON,"Broadview Networks Holdings, Inc."
BROCKTON,"COMCAST CABLE COMMUNICATIONS, LLC"
BROCKTON,"EarthLink Business, LLC"
BROCKTON,"PAETEC Communications, Inc."
BROCKTON,"Spectrotel, Inc."
BROCKTON,"Charter Communications, Inc."
BROCKTON,Verizon New England Inc.
BROCKTON,GCI Communication Corp.
BROCKTON,"HNS License Sub, LLC"
BROCKTON,"VSAT Systems, LLC"
BROOKFIELD,Crown Castle Fiber LLC
BROOKFIELD,"ViaSat, Inc."
BROOKFIELD,U.S. TelePacific Corp.
BROOKFIELD,"COMCAST CABLE COMMUNICATIONS, LLC"
BROOKFIELD,"Charter Communications, Inc."
BROOKFIELD,Verizon New England Inc.
BROOKFIELD,GCI Communication Corp.
BROOKFIELD,"HNS License Sub, LLC"
BROOKFIELD,"VSAT Systems, LLC"
BROOKLINE,"XO Communications Services, LLC"
BROOKLINE,MCI Communications Corporation
BROOKLINE,"Call One, Inc."
BROOKLINE,"RCN Telecom Services of Massachusetts, LLC"
BROOKLINE,Crown Castle Fiber LLC
BROOKLINE,"ViaSat, Inc."
BROOKLINE,"TOWERSTREAM, INC."
BROOKLINE,U.S. TelePacific Corp.
BROOKLINE,Taconic Telephone Corp.
BROOKLINE,netBlazr Inc.
BROOKLINE,"Broadview Networks Holdings, Inc."
BROOKLINE,"COMCAST CABLE COMMUNICATIONS, LLC"
BROOKLINE,"EarthLink Business, LLC"
BROOKLINE,"PAETEC Communications, Inc."
BROOKLINE,"Starry, Inc"
BROOKLINE,"Spectrotel, Inc."
BROOKLINE,Verizon New England Inc.
BROOKLINE,GCI Communication Corp.
BROOKLINE,"HNS License Sub, LLC"
BROOKLINE,"VSAT Systems, LLC"
BURLINGTON,"XO Communications Services, LLC"
BURLINGTON,MCI Communications Corporation
BURLINGTON,"Level  3 Communications, LLC"
BURLINGTON,"Zayo Group, LLC"
BURLINGTON,"Call One, Inc."
BURLINGTON,Mid-Maine TelPlus LLC
BURLINGTON,"RCN Telecom Services of Massachusetts, LLC"
BURLINGTON,Crown Castle Fiber LLC
BURLINGTON,"ViaSat, Inc."
BURLINGTON,"TOWERSTREAM, INC."
BURLINGTON,U.S. TelePacific Corp.
BURLINGTON,"Broadview Networks Holdings, Inc."
BURLINGTON,"COMCAST CABLE COMMUNICATIONS, LLC"
BURLINGTON,"EarthLink Business, LLC"
BURLINGTON,"PAETEC Communications, Inc."
BURLINGTON,"Spectrotel, Inc."
BURLINGTON,Verizon New England Inc.
BURLINGTON,GCI Communication Corp.
BURLINGTON,"HNS License Sub, LLC"
BURLINGTON,"VSAT Systems, LLC"
CAMBRIDGE,"XO Communications Services, LLC"
CAMBRIDGE,MCI Communications Corporation
CAMBRIDGE,Business Only Broadband
CAMBRIDGE,"Level  3 Communications, LLC"
CAMBRIDGE,"Zayo Group, LLC"
CAMBRIDGE,"Call One, Inc."
CAMBRIDGE,"USAi.net, Inc."
CAMBRIDGE,"RCN Telecom Services of Massachusetts, LLC"
CAMBRIDGE,Crown Castle Fiber LLC
CAMBRIDGE,"ViaSat, Inc."
CAMBRIDGE,"TOWERSTREAM, INC."
CAMBRIDGE,Cogent Communications Group
CAMBRIDGE,U.S. TelePacific Corp.
CAMBRIDGE,New Horizon Communications Group Inc
CAMBRIDGE,Taconic Telephone Corp.
CAMBRIDGE,netBlazr Inc.
CAMBRIDGE,"Birch Communications, Inc."
CAMBRIDGE,"Broadview Networks Holdings, Inc."
CAMBRIDGE,"COMCAST CABLE COMMUNICATIONS, LLC"
CAMBRIDGE,"BullsEye Telecom, Inc."
CAMBRIDGE,TCC Networks Inc
CAMBRIDGE,"EarthLink Business, LLC"
CAMBRIDGE,"PAETEC Communications, Inc."
CAMBRIDGE,"Starry, Inc"
CAMBRIDGE,"Spectrotel, Inc."
CAMBRIDGE,Verizon New England Inc.
CAMBRIDGE,GCI Communication Corp.
CAMBRIDGE,"HNS License Sub, LLC"
CAMBRIDGE,"VSAT Systems, LLC"
CHELSEA,"XO Communications Services, LLC"
CHELSEA,MCI Communications Corporation
CHELSEA,Business Only Broadband
CHELSEA,"USAi.net, Inc."
CHELSEA,"RCN Telecom Services of Massachusetts, LLC"
CHELSEA,Crown Castle Fiber LLC
CHELSEA,"ViaSat, Inc."
CHELSEA,"TOWERSTREAM, INC."
CHELSEA,U.S. TelePacific Corp.
CHELSEA,netBlazr Inc.
CHELSEA,"Broadview Networks Holdings, Inc."
CHELSEA,Network Billing Systems LLC
CHELSEA,"COMCAST CABLE COMMUNICATIONS, LLC"
CHELSEA,"EarthLink Business, LLC"
CHELSEA,"PAETEC Communications, Inc."
CHELSEA,"Starry, Inc"
CHELSEA,"Spectrotel, Inc."
CHELSEA,Verizon New England Inc.
CHELSEA,GCI Communication Corp.
CHELSEA,"HNS License Sub, LLC"
CHELSEA,"VSAT Systems, LLC"
CHESHIRE,"ViaSat, Inc."
CHESHIRE,U.S. TelePacific Corp.
CHESHIRE,"Charter Communications, Inc."
CHESHIRE,Verizon New England Inc.
CHESHIRE,GCI Communication Corp.
CHESHIRE,"HNS License Sub, LLC"
CHESHIRE,"VSAT Systems, LLC"
CHICOPEE,"XO Communications Services, LLC"
CHICOPEE,MCI Communications Corporation
CHICOPEE,"Level  3 Communications, LLC"
CHICOPEE,CRC Communications LLC
CHICOPEE,Crown Castle Fiber LLC
CHICOPEE,"ViaSat, Inc."
CHICOPEE,City of Holyoke Gas & Electric Department
CHICOPEE,U.S. TelePacific Corp.
CHICOPEE,"Broadview Networks Holdings, Inc."
CHICOPEE,"COMCAST CABLE COMMUNICATIONS, LLC"
CHICOPEE,"EarthLink Business, LLC"
CHICOPEE,"TailWind Voice & Data, Inc."
CHICOPEE,"PAETEC Communications, Inc."
CHICOPEE,"Spectrotel, Inc."
CHICOPEE,"Charter Communications, Inc."
CHICOPEE,Verizon New England Inc.
CHICOPEE,GCI Communication Corp.
CHICOPEE,"HNS License Sub, LLC"
CHICOPEE,"VSAT Systems, LLC"
CLINTON,MCI Communications Corporation
CLINTON,TELECOM PROFESSIONALS
CLINTON,Crown Castle Fiber LLC
CLINTON,"ViaSat, Inc."
CLINTON,U.S. TelePacific Corp.
CLINTON,"COMCAST CABLE COMMUNICATIONS, LLC"
CLINTON,"EarthLink Business, LLC"
CLINTON,"PAETEC Communications, Inc."
CLINTON,"Charter Communications, Inc."
CLINTON,Verizon New England Inc.
CLINTON,GCI Communication Corp.
CLINTON,"HNS License Sub, LLC"
CLINTON,"VSAT Systems, LLC"
COCHITUATE,"XO Communications Services, LLC"
COCHITUATE,MCI Communications Corporation
COCHITUATE,"RCN Telecom Services of Massachusetts, LLC"
COCHITUATE,Crown Castle Fiber LLC
COCHITUATE,"ViaSat, Inc."
COCHITUATE,U.S. TelePacific Corp.
COCHITUATE,"COMCAST CABLE COMMUNICATIONS, LLC"
COCHITUATE,"EarthLink Business, LLC"
COCHITUATE,"PAETEC Communications, Inc."
COCHITUATE,Verizon New England Inc.
COCHITUATE,GCI Communication Corp.
COCHITUATE,"HNS License Sub, LLC"
COCHITUATE,"VSAT Systems, LLC"
CORDAVILLE,"XO Communications Services, LLC"
CORDAVILLE,MCI Communications Corporation
CORDAVILLE,Crown Castle Fiber LLC
CORDAVILLE,"ViaSat, Inc."
CORDAVILLE,U.S. TelePacific Corp.
CORDAVILLE,"Broadview Networks Holdings, Inc."
CORDAVILLE,"COMCAST CABLE COMMUNICATIONS, LLC"
CORDAVILLE,"EarthLink Business, LLC"
CORDAVILLE,"PAETEC Communications, Inc."
CORDAVILLE,"Charter Communications, Inc."
CORDAVILLE,Verizon New England Inc.
CORDAVILLE,GCI Communication Corp.
CORDAVILLE,"HNS License Sub, LLC"
CORDAVILLE,"VSAT Systems, LLC"
DANVERS,"XO Communications Services, LLC"
DANVERS,MCI Communications Corporation
DANVERS,"Level  3 Communications, LLC"
DANVERS,Crown Castle Fiber LLC
DANVERS,"ViaSat, Inc."
DANVERS,U.S. TelePacific Corp.
DANVERS,"Broadview Networks Holdings, Inc."
DANVERS,"COMCAST CABLE COMMUNICATIONS, LLC"
DANVERS,"EarthLink Business, LLC"
DANVERS,"PAETEC Communications, Inc."
DANVERS,"Spectrotel, Inc."
DANVERS,FirstLight Fiber
DANVERS,Verizon New England Inc.
DANVERS,GCI Communication Corp.
DANVERS,"HNS License Sub, LLC"
DANVERS,"VSAT Systems, LLC"
DEDHAM,"XO Communications Services, LLC"
DEDHAM,MCI Communications Corporation
DEDHAM,"Level  3 Communications, LLC"
DEDHAM,"Call One, Inc."
DEDHAM,"RCN Telecom Services of Massachusetts, LLC"
DEDHAM,Crown Castle Fiber LLC
DEDHAM,"ViaSat, Inc."
DEDHAM,"TOWERSTREAM, INC."
DEDHAM,U.S. TelePacific Corp.
DEDHAM,New Horizon Communications Group Inc
DEDHAM,"Broadview Networks Holdings, Inc."
DEDHAM,"COMCAST CABLE COMMUNICATIONS, LLC"
DEDHAM,"EarthLink Business, LLC"
DEDHAM,"PAETEC Communications, Inc."
DEDHAM,Verizon New England Inc.
DEDHAM,GCI Communication Corp.
DEDHAM,"HNS License Sub, LLC"
DEDHAM,"VSAT Systems, LLC"
DEVENS,MCI Communications Corporation
DEVENS,Crown Castle Fiber LLC
DEVENS,"ViaSat, Inc."
DEVENS,U.S. TelePacific Corp.
DEVENS,"Broadview Networks Holdings, Inc."
DEVENS,"COMCAST CABLE COMMUNICATIONS, LLC"
DEVENS,"EarthLink Business, LLC"
DEVENS,"PAETEC Communications, Inc."
DEVENS,"Charter Communications, Inc."
DEVENS,Verizon New England Inc.
DEVENS,GCI Communication Corp.
DEVENS,"HNS License Sub, LLC"
DEVENS,"VSAT Systems, LLC"
DOVER,"XO Communications Services, LLC"
DOVER,Crown Castle Fiber LLC
DOVER,"ViaSat, Inc."
DOVER,U.S. TelePacific Corp.
DOVER,"Birch Communications, Inc."
DOVER,"COMCAST CABLE COMMUNICATIONS, LLC"
DOVER,"EarthLink Business, LLC"
DOVER,"PAETEC Communications, Inc."
DOVER,Verizon New England Inc.
DOVER,GCI Communication Corp.
DOVER,"HNS License Sub, LLC"
DOVER,"VSAT Systems, LLC"
DUXBURY,MCI Communications Corporation
DUXBURY,"ViaSat, Inc."
DUXBURY,U.S. TelePacific Corp.
DUXBURY,"COMCAST CABLE COMMUNICATIONS, LLC"
DUXBURY,"EarthLink Business, LLC"
DUXBURY,"PAETEC Communications, Inc."
DUXBURY,Verizon New England Inc.
DUXBURY,GCI Communication Corp.
DUXBURY,"HNS License Sub, LLC"
DUXBURY,"VSAT Systems, LLC"
EAST BROOKFIELD,"ViaSat, Inc."
EAST BROOKFIELD,U.S. TelePacific Corp.
EAST BROOKFIELD,"PAETEC Communications, Inc."
EAST BROOKFIELD,"Charter Communications, Inc."
EAST BROOKFIELD,Verizon New England Inc.
EAST BROOKFIELD,GCI Communication Corp.
EAST BROOKFIELD,"HNS License Sub, LLC"
EAST BROOKFIELD,"VSAT Systems, LLC"
EAST DOUGLAS,"ViaSat, Inc."
EAST DOUGLAS,U.S. TelePacific Corp.
EAST DOUGLAS,Taconic Telephone Corp.
EAST DOUGLAS,"Broadview Networks Holdings, Inc."
EAST DOUGLAS,"COMCAST CABLE COMMUNICATIONS, LLC"
EAST DOUGLAS,"PAETEC Communications, Inc."
EAST DOUGLAS,"Charter Communications, Inc."
EAST DOUGLAS,Verizon New England Inc.
EAST DOUGLAS,GCI Communication Corp.
EAST DOUGLAS,"HNS License Sub, LLC"
EAST DOUGLAS,"VSAT Systems, LLC"
EAST PEPPERELL,"ViaSat, Inc."
EAST PEPPERELL,"PAETEC Communications, Inc."
EAST PEPPERELL,"Charter Communications, Inc."
EAST PEPPERELL,Verizon New England Inc.
EAST PEPPERELL,GCI Communication Corp.
EAST PEPPERELL,"HNS License Sub, LLC"
EAST PEPPERELL,"VSAT Systems, LLC"
EASTHAMPTON TOWN,MCI Communications Corporation
EASTHAMPTON TOWN,Crown Castle Fiber LLC
EASTHAMPTON TOWN,"ViaSat, Inc."
EASTHAMPTON TOWN,U.S. TelePacific Corp.
EASTHAMPTON TOWN,"Broadview Networks Holdings, Inc."
EASTHAMPTON TOWN,"COMCAST CABLE COMMUNICATIONS, LLC"
EASTHAMPTON TOWN,TCC Networks Inc
EASTHAMPTON TOWN,"EarthLink Business, LLC"
EASTHAMPTON TOWN,"PAETEC Communications, Inc."
EASTHAMPTON TOWN,"Charter Communications, Inc."
EASTHAMPTON TOWN,Verizon New England Inc.
EASTHAMPTON TOWN,GCI Communication Corp.
EASTHAMPTON TOWN,"HNS License Sub, LLC"
EASTHAMPTON TOWN,"VSAT Systems, LLC"
ESSEX,"ViaSat, Inc."
ESSEX,U.S. TelePacific Corp.
ESSEX,"COMCAST CABLE COMMUNICATIONS, LLC"
ESSEX,Verizon New England Inc.
ESSEX,GCI Communication Corp.
ESSEX,"HNS License Sub, LLC"
ESSEX,"VSAT Systems, LLC"
EVERETT,"XO Communications Services, LLC"
EVERETT,MCI Communications Corporation
EVERETT,"RCN Telecom Services of Massachusetts, LLC"
EVERETT,Crown Castle Fiber LLC
EVERETT,"ViaSat, Inc."
EVERETT,"TOWERSTREAM, INC."
EVERETT,U.S. TelePacific Corp.
EVERETT,netBlazr Inc.
EVERETT,"Broadview Networks Holdings, Inc."
EVERETT,"COMCAST CABLE COMMUNICATIONS, LLC"
EVERETT,TCC Networks Inc
EVERETT,"EarthLink Business, LLC"
EVERETT,"PAETEC Communications, Inc."
EVERETT,"Starry, Inc"
EVERETT,Verizon New England Inc.
EVERETT,GCI Communication Corp.
EVERETT,"HNS License Sub, LLC"
EVERETT,"VSAT Systems, LLC"
FALL RIVER,"XO Communications Services, LLC"
FALL RIVER,MCI Communications Corporation
FALL RIVER,"Level  3 Communications, LLC"
FALL RIVER,Crown Castle Fiber LLC
FALL RIVER,"ViaSat, Inc."
FALL RIVER,"TOWERSTREAM, INC."
FALL RIVER,U.S. TelePacific Corp.
FALL RIVER,New Horizon Communications Group Inc
FALL RIVER,"Broadview Networks Holdings, Inc."
FALL RIVER,"COMCAST CABLE COMMUNICATIONS, LLC"
FALL RIVER,"EarthLink Business, LLC"
FALL RIVER,"PAETEC Communications, Inc."
FALL RIVER,"Cox Communications, Inc"
FALL RIVER,"Charter Communications, Inc."
FALL RIVER,Verizon New England Inc.
FALL RIVER,GCI Communication Corp.
FALL RIVER,"HNS License Sub, LLC"
FALL RIVER,"VSAT Systems, LLC"
FISKDALE,MCI Communications Corporation
FISKDALE,"Level  3 Communications, LLC"
FISKDALE,Crown Castle Fiber LLC
FISKDALE,"ViaSat, Inc."
FISKDALE,U.S. TelePacific Corp.
FISKDALE,"COMCAST CABLE COMMUNICATIONS, LLC"
FISKDALE,"EarthLink Business, LLC"
FISKDALE,"PAETEC Communications, Inc."
FISKDALE,"Spectrotel, Inc."
FISKDALE,"Charter Communications, Inc."
FISKDALE,Verizon New England Inc.
FISKDALE,GCI Communication Corp.
FISKDALE,"HNS License Sub, LLC"
FISKDALE,"VSAT Systems, LLC"
FITCHBURG,"XO Communications Services, LLC"
FITCHBURG,MCI Communications Corporation
FITCHBURG,"Level  3 Communications, LLC"
FITCHBURG,Crown Castle Fiber LLC
FITCHBURG,"ViaSat, Inc."
FITCHBURG,U.S. TelePacific Corp.
FITCHBURG,New Horizon Communications Group Inc
FITCHBURG,"Broadview Networks Holdings, Inc."
FITCHBURG,"COMCAST CABLE COMMUNICATIONS, LLC"
FITCHBURG,"EarthLink Business, LLC"
FITCHBURG,"PAETEC Communications, Inc."
FITCHBURG,Verizon New England Inc.
FITCHBURG,GCI Communication Corp.
FITCHBURG,"HNS License Sub, LLC"
FITCHBURG,"VSAT Systems, LLC"
FOXBOROUGH,"XO Communications Services, LLC"
FOXBOROUGH,MCI Communications Corporation
FOXBOROUGH,"Level  3 Communications, LLC"
FOXBOROUGH,"Zayo Group, LLC"
FOXBOROUGH,Crown Castle Fiber LLC
FOXBOROUGH,"ViaSat, Inc."
FOXBOROUGH,U.S. TelePacific Corp.
FOXBOROUGH,"Broadview Networks Holdings, Inc."
FOXBOROUGH,"COMCAST CABLE COMMUNICATIONS, LLC"
FOXBOROUGH,"EarthLink Business, LLC"
FOXBOROUGH,"PAETEC Communications, Inc."
FOXBOROUGH,Verizon New England Inc.
FOXBOROUGH,GCI Communication Corp.
FOXBOROUGH,"HNS License Sub, LLC"
FOXBOROUGH,"VSAT Systems, LLC"
FRAMINGHAM,"XO Communications Services, LLC"
FRAMINGHAM,MCI Communications Corporation
FRAMINGHAM,"Level  3 Communications, LLC"
FRAMINGHAM,"RCN Telecom Services of Massachusetts, LLC"
FRAMINGHAM,Crown Castle Fiber LLC
FRAMINGHAM,"ViaSat, Inc."
FRAMINGHAM,"TOWERSTREAM, INC."
FRAMINGHAM,U.S. TelePacific Corp.
FRAMINGHAM,"Broadview Networks Holdings, Inc."
FRAMINGHAM,"COMCAST CABLE COMMUNICATIONS, LLC"
FRAMINGHAM,"EarthLink Business, LLC"
FRAMINGHAM,"PAETEC Communications, Inc."
FRAMINGHAM,"Spectrotel, Inc."
FRAMINGHAM,"Charter Communications, Inc."
FRAMINGHAM,Verizon New England Inc.
FRAMINGHAM,GCI Communication Corp.
FRAMINGHAM,"HNS License Sub, LLC"
FRAMINGHAM,"VSAT Systems, LLC"
FRANKLIN TOWN,"XO Communications Services, LLC"
FRANKLIN TOWN,MCI Communications Corporation
FRANKLIN TOWN,"Level  3 Communications, LLC"
FRANKLIN TOWN,"Zayo Group, LLC"
FRANKLIN TOWN,Crown Castle Fiber LLC
FRANKLIN TOWN,"ViaSat, Inc."
FRANKLIN TOWN,U.S. TelePacific Corp.
FRANKLIN TOWN,"Broadview Networks Holdings, Inc."
FRANKLIN TOWN,"COMCAST CABLE COMMUNICATIONS, LLC"
FRANKLIN TOWN,"EarthLink Business, LLC"
FRANKLIN TOWN,"PAETEC Communications, Inc."
FRANKLIN TOWN,Verizon New England Inc.
FRANKLIN TOWN,GCI Communication Corp.
FRANKLIN TOWN,"HNS License Sub, LLC"
FRANKLIN TOWN,"VSAT Systems, LLC"
GARDNER,MCI Communications Corporation
GARDNER,Crown Castle Fiber LLC
GARDNER,"ViaSat, Inc."
GARDNER,U.S. TelePacific Corp.
GARDNER,"Broadview Networks Holdings, Inc."
GARDNER,"COMCAST CABLE COMMUNICATIONS, LLC"
GARDNER,"EarthLink Business, LLC"
GARDNER,"PAETEC Communications, Inc."
GARDNER,Verizon New England Inc.
GARDNER,GCI Communication Corp.
GARDNER,"HNS License Sub, LLC"
GARDNER,"VSAT Systems, LLC"
GLOUCESTER,MCI Communications Corporation
GLOUCESTER,"USAi.net, Inc."
GLOUCESTER,"ViaSat, Inc."
GLOUCESTER,U.S. TelePacific Corp.
GLOUCESTER,"Cape Ann Communications, Inc."
GLOUCESTER,"Birch Communications, Inc."
GLOUCESTER,"COMCAST CABLE COMMUNICATIONS, LLC"
GLOUCESTER,"EarthLink Business, LLC"
GLOUCESTER,"PAETEC Communications, Inc."
GLOUCESTER,Verizon New England Inc.
GLOUCESTER,GCI Communication Corp.
GLOUCESTER,"HNS License Sub, LLC"
GLOUCESTER,"VSAT Systems, LLC"
GRANBY,MCI Communications Corporation
GRANBY,Granby Telephone LLC
GRANBY,Crown Castle Fiber LLC
GRANBY,"ViaSat, Inc."
GRANBY,U.S. TelePacific Corp.
GRANBY,Taconic Telephone Corp.
GRANBY,"COMCAST CABLE COMMUNICATIONS, LLC"
GRANBY,"PAETEC Communications, Inc."
GRANBY,"Charter Communications, Inc."
GRANBY,Verizon New England Inc.
GRANBY,GCI Communication Corp.
GRANBY,"HNS License Sub, LLC"
GRANBY,"VSAT Systems, LLC"
GREAT BARRINGTON,MCI Communications Corporation
GREAT BARRINGTON,"Level  3 Communications, LLC"
GREAT BARRINGTON,"ViaSat, Inc."
GREAT BARRINGTON,U.S. TelePacific Corp.
GREAT BARRINGTON,"Fiber Connect, LLC."
GREAT BARRINGTON,Taconic Telephone Corp.
GREAT BARRINGTON,"REDBURN INFRASTRUCTURE, LLC"
GREAT BARRINGTON,"PAETEC Communications, Inc."
GREAT BARRINGTON,"Spectrotel, Inc."
GREAT BARRINGTON,"Charter Communications, Inc."
GREAT BARRINGTON,Verizon New England Inc.
GREAT BARRINGTON,Mid-Hudson Data Corp
GREAT BARRINGTON,GCI Communication Corp.
GREAT BARRINGTON,"HNS License Sub, LLC"
GREAT BARRINGTON,"VSAT Systems, LLC"
GREEN HARBOR-CEDAR CREST,"ViaSat, Inc."
GREEN HARBOR-CEDAR CREST,"COMCAST CABLE COMMUNICATIONS, LLC"
GREEN HARBOR-CEDAR CREST,"PAETEC Communications, Inc."
GREEN HARBOR-CEDAR CREST,Verizon New England Inc.
GREEN HARBOR-CEDAR CREST,GCI Communication Corp.
GREEN HARBOR-CEDAR CREST,"HNS License Sub, LLC"
GREEN HARBOR-CEDAR CREST,"VSAT Systems, LLC"
GROTON,MCI Communications Corporation
GROTON,Crown Castle Fiber LLC
GROTON,"ViaSat, Inc."
GROTON,U.S. TelePacific Corp.
GROTON,"COMCAST CABLE COMMUNICATIONS, LLC"
GROTON,"PAETEC Communications, Inc."
GROTON,"Charter Communications, Inc."
GROTON,Verizon New England Inc.
GROTON,GCI Communication Corp.
GROTON,"HNS License Sub, LLC"
GROTON,"VSAT Systems, LLC"
HANSON,"ViaSat, Inc."
HANSON,"COMCAST CABLE COMMUNICATIONS, LLC"
HANSON,Verizon New England Inc.
HANSON,GCI Communication Corp.
HANSON,"HNS License Sub, LLC"
HANSON,"VSAT Systems, LLC"
HATFIELD,"ViaSat, Inc."
HATFIELD,U.S. TelePacific Corp.
HATFIELD,"COMCAST CABLE COMMUNICATIONS, LLC"
HATFIELD,"PAETEC Communications, Inc."
HATFIELD,Verizon New England Inc.
HATFIELD,GCI Communication Corp.
HATFIELD,"HNS License Sub, LLC"
HATFIELD,"VSAT Systems, LLC"
HAVERHILL,MCI Communications Corporation
HAVERHILL,"USAi.net, Inc."
HAVERHILL,Crown Castle Fiber LLC
HAVERHILL,"ViaSat, Inc."
HAVERHILL,U.S. TelePacific Corp.
HAVERHILL,"Broadview Networks Holdings, Inc."
HAVERHILL,"COMCAST CABLE COMMUNICATIONS, LLC"
HAVERHILL,"EarthLink Business, LLC"
HAVERHILL,"PAETEC Communications, Inc."
HAVERHILL,Verizon New England Inc.
HAVERHILL,GCI Communication Corp.
HAVERHILL,"HNS License Sub, LLC"
HAVERHILL,"VSAT Systems, LLC"
HINGHAM,MCI Communications Corporation
HINGHAM,"Level  3 Communications, LLC"
HINGHAM,"ViaSat, Inc."
HINGHAM,U.S. TelePacific Corp.
HINGHAM,"COMCAST CABLE COMMUNICATIONS, LLC"
HINGHAM,"PAETEC Communications, Inc."
HINGHAM,"Spectrotel, Inc."
HINGHAM,Verizon New England Inc.
HINGHAM,GCI Communication Corp.
HINGHAM,"HNS License Sub, LLC"
HINGHAM,"VSAT Systems, LLC"
HOLBROOK,MCI Communications Corporation
HOLBROOK,Crown Castle Fiber LLC
HOLBROOK,"ViaSat, Inc."
HOLBROOK,U.S. TelePacific Corp.
HOLBROOK,"Broadview Networks Holdings, Inc."
HOLBROOK,"COMCAST CABLE COMMUNICATIONS, LLC"
HOLBROOK,"PAETEC Communications, Inc."
HOLBROOK,Verizon New England Inc.
HOLBROOK,GCI Communication Corp.
HOLBROOK,"HNS License Sub, LLC"
HOLBROOK,"VSAT Systems, LLC"
HOLLAND,"ViaSat, Inc."
HOLLAND,U.S. TelePacific Corp.
HOLLAND,"Cox Communications, Inc"
HOLLAND,"Charter Communications, Inc."
HOLLAND,Verizon New England Inc.
HOLLAND,GCI Communication Corp.
HOLLAND,"HNS License Sub, LLC"
HOLLAND,"VSAT Systems, LLC"
HOLYOKE,MCI Communications Corporation
HOLYOKE,CRC Communications LLC
HOLYOKE,Crown Castle Fiber LLC
HOLYOKE,"ViaSat, Inc."
HOLYOKE,City of Holyoke Gas & Electric Department
HOLYOKE,U.S. TelePacific Corp.
HOLYOKE,Taconic Telephone Corp.
HOLYOKE,"California Telecom, Inc."
HOLYOKE,"Broadview Networks Holdings, Inc."
HOLYOKE,"COMCAST CABLE COMMUNICATIONS, LLC"
HOLYOKE,"EarthLink Business, LLC"
HOLYOKE,"PAETEC Communications, Inc."
HOLYOKE,"Spectrotel, Inc."
HOLYOKE,"Charter Communications, Inc."
HOLYOKE,Verizon New England Inc.
HOLYOKE,GCI Communication Corp.
HOLYOKE,"HNS License Sub, LLC"
HOLYOKE,"VSAT Systems, LLC"
HOPEDALE,MCI Communications Corporation
HOPEDALE,"Level  3 Communications, LLC"
HOPEDALE,Crown Castle Fiber LLC
HOPEDALE,"ViaSat, Inc."
HOPEDALE,U.S. TelePacific Corp.
HOPEDALE,"Broadview Networks Holdings, Inc."
HOPEDALE,"COMCAST CABLE COMMUNICATIONS, LLC"
HOPEDALE,"EarthLink Business, LLC"
HOPEDALE,Verizon New England Inc.
HOPEDALE,GCI Communication Corp.
HOPEDALE,"HNS License Sub, LLC"
HOPEDALE,"VSAT Systems, LLC"
HOPKINTON,MCI Communications Corporation
HOPKINTON,Crown Castle Fiber LLC
HOPKINTON,"ViaSat, Inc."
HOPKINTON,U.S. TelePacific Corp.
HOPKINTON,"Broadview Networks Holdings, Inc."
HOPKINTON,"COMCAST CABLE COMMUNICATIONS, LLC"
HOPKINTON,"EarthLink Business, LLC"
HOPKINTON,"PAETEC Communications, Inc."
HOPKINTON,"Charter Communications, Inc."
HOPKINTON,Verizon New England Inc.
HOPKINTON,GCI Communication Corp.
HOPKINTON,"HNS License Sub, LLC"
HOPKINTON,"VSAT Systems, LLC"
HUDSON,"XO Communications Services, LLC"
HUDSON,MCI Communications Corporation
HUDSON,Crown Castle Fiber LLC
HUDSON,"ViaSat, Inc."
HUDSON,U.S. TelePacific Corp.
HUDSON,New Horizon Communications Group Inc
HUDSON,"COMCAST CABLE COMMUNICATIONS, LLC"
HUDSON,"EarthLink Business, LLC"
HUDSON,"PAETEC Communications, Inc."
HUDSON,"Charter Communications, Inc."
HUDSON,Verizon New England Inc.
HUDSON,GCI Communication Corp.
HUDSON,"HNS License Sub, LLC"
HUDSON,"VSAT Systems, LLC"
HULL,"ViaSat, Inc."
HULL,U.S. TelePacific Corp.
HULL,"COMCAST CABLE COMMUNICATIONS, LLC"
HULL,"PAETEC Communications, Inc."
HULL,Verizon New England Inc.
HULL,GCI Communication Corp.
HULL,"HNS License Sub, LLC"
HULL,"VSAT Systems, LLC"
HUNTINGTON,"ViaSat, Inc."
HUNTINGTON,U.S. TelePacific Corp.
HUNTINGTON,"COMCAST CABLE COMMUNICATIONS, LLC"
HUNTINGTON,"PAETEC Communications, Inc."
HUNTINGTON,Verizon New England Inc.
HUNTINGTON,GCI Communication Corp.
HUNTINGTON,"HNS License Sub, LLC"
HUNTINGTON,"VSAT Systems, LLC"
IPSWICH,MCI Communications Corporation
IPSWICH,Crown Castle Fiber LLC
IPSWICH,"ViaSat, Inc."
IPSWICH,U.S. TelePacific Corp.
IPSWICH,"Birch Communications, Inc."
IPSWICH,"Broadview Networks Holdings, Inc."
IPSWICH,"COMCAST CABLE COMMUNICATIONS, LLC"
IPSWICH,"EarthLink Business, LLC"
IPSWICH,"PAETEC Communications, Inc."
IPSWICH,Verizon New England Inc.
IPSWICH,GCI Communication Corp.
IPSWICH,"HNS License Sub, LLC"
IPSWICH,"VSAT Systems, LLC"
KINGSTON,MCI Communications Corporation
KINGSTON,"ViaSat, Inc."
KINGSTON,U.S. TelePacific Corp.
KINGSTON,New Horizon Communications Group Inc
KINGSTON,"Broadview Networks Holdings, Inc."
KINGSTON,"COMCAST CABLE COMMUNICATIONS, LLC"
KINGSTON,"EarthLink Business, LLC"
KINGSTON,"PAETEC Communications, Inc."
KINGSTON,Verizon New England Inc.
KINGSTON,GCI Communication Corp.
KINGSTON,"HNS License Sub, LLC"
KINGSTON,"VSAT Systems, LLC"
LAWRENCE,"XO Communications Services, LLC"
LAWRENCE,MCI Communications Corporation
LAWRENCE,"Level  3 Communications, LLC"
LAWRENCE,Crown Castle Fiber LLC
LAWRENCE,"ViaSat, Inc."
LAWRENCE,U.S. TelePacific Corp.
LAWRENCE,"Broadview Networks Holdings, Inc."
LAWRENCE,"COMCAST CABLE COMMUNICATIONS, LLC"
LAWRENCE,"EarthLink Business, LLC"
LAWRENCE,"PAETEC Communications, Inc."
LAWRENCE,Verizon New England Inc.
LAWRENCE,GCI Communication Corp.
LAWRENCE,"HNS License Sub, LLC"
LAWRENCE,"VSAT Systems, LLC"
LEE,MCI Communications Corporation
LEE,"Level  3 Communications, LLC"
LEE,"ViaSat, Inc."
LEE,U.S. TelePacific Corp.
LEE,Taconic Telephone Corp.
LEE,"COMCAST CABLE COMMUNICATIONS, LLC"
LEE,"EarthLink Business, LLC"
LEE,"PAETEC Communications, Inc."
LEE,"Charter Communications, Inc."
LEE,Verizon New England Inc.
LEE,Mid-Hudson Data Corp
LEE,GCI Communication Corp.
LEE,"HNS License Sub, LLC"
LEE,"VSAT Systems, LLC"
LENOX,MCI Communications Corporation
LENOX,"Level  3 Communications, LLC"
LENOX,"ViaSat, Inc."
LENOX,U.S. TelePacific Corp.
LENOX,Taconic Telephone Corp.
LENOX,"EarthLink Business, LLC"
LENOX,"PAETEC Communications, Inc."
LENOX,"Charter Communications, Inc."
LENOX,Verizon New England Inc.
LENOX,Mid-Hudson Data Corp
LENOX,GCI Communication Corp.
LENOX,"HNS License Sub, LLC"
LENOX,"VSAT Systems, LLC"
LEOMINSTER,"XO Communications Services, LLC"
LEOMINSTER,MCI Communications Corporation
LEOMINSTER,"Level  3 Communications, LLC"
LEOMINSTER,Crown Castle Fiber LLC
LEOMINSTER,"ViaSat, Inc."
LEOMINSTER,U.S. TelePacific Corp.
LEOMINSTER,"Broadview Networks Holdings, Inc."
LEOMINSTER,"COMCAST CABLE COMMUNICATIONS, LLC"
LEOMINSTER,"EarthLink Carrier, LLC"
LEOMINSTER,"EarthLink Business, LLC"
LEOMINSTER,"PAETEC Communications, Inc."
LEOMINSTER,Verizon New England Inc.
LEOMINSTER,GCI Communication Corp.
LEOMINSTER,"HNS License Sub, LLC"
LEOMINSTER,"VSAT Systems, LLC"
LEXINGTON,"XO Communications Services, LLC"
LEXINGTON,MCI Communications Corporation
LEXINGTON,"Level  3 Communications, LLC"
LEXINGTON,"RCN Telecom Services of Massachusetts, LLC"
LEXINGTON,Crown Castle Fiber LLC
LEXINGTON,"ViaSat, Inc."
LEXINGTON,"TOWERSTREAM, INC."
LEXINGTON,U.S. TelePacific Corp.
LEXINGTON,Taconic Telephone Corp.
LEXINGTON,"Broadview Networks Holdings, Inc."
LEXINGTON,"COMCAST CABLE COMMUNICATIONS, LLC"
LEXINGTON,"EarthLink Business, LLC"
LEXINGTON,"PAETEC Communications, Inc."
LEXINGTON,"Spectrotel, Inc."
LEXINGTON,Verizon New England Inc.
LEXINGTON,GCI Communication Corp.
LEXINGTON,"HNS License Sub, LLC"
LEXINGTON,"VSAT Systems, LLC"
LITTLETON COMMON,MCI Communications Corporation
LITTLETON COMMON,"Level  3 Communications, LLC"
LITTLETON COMMON,Crown Castle Fiber LLC
LITTLETON COMMON,"ViaSat, Inc."
LITTLETON COMMON,U.S. TelePacific Corp.
LITTLETON COMMON,"COMCAST CABLE COMMUNICATIONS, LLC"
LITTLETON COMMON,Verizon New England Inc.
LITTLETON COMMON,GCI Communication Corp.
LITTLETON COMMON,"HNS License Sub, LLC"
LITTLETON COMMON,"VSAT Systems, LLC"
LONGMEADOW,MCI Communications Corporation
LONGMEADOW,"Level  3 Communications, LLC"
LONGMEADOW,Crown Castle Fiber LLC
LONGMEADOW,"ViaSat, Inc."
LONGMEADOW,U.S. TelePacific Corp.
LONGMEADOW,"Broadview Networks Holdings, Inc."
LONGMEADOW,"COMCAST CABLE COMMUNICATIONS, LLC"
LONGMEADOW,"PAETEC Communications, Inc."
LONGMEADOW,"Charter Communications, Inc."
LONGMEADOW,Verizon New England Inc.
LONGMEADOW,GCI Communication Corp.
LONGMEADOW,"HNS License Sub, LLC"
LONGMEADOW,"VSAT Systems, LLC"
LOWELL,"XO Communications Services, LLC"
LOWELL,MCI Communications Corporation
LOWELL,"Level  3 Communications, LLC"
LOWELL,"Zayo Group, LLC"
LOWELL,Crown Castle Fiber LLC
LOWELL,"ViaSat, Inc."
LOWELL,Cogent Communications Group
LOWELL,U.S. TelePacific Corp.
LOWELL,New Horizon Communications Group Inc
LOWELL,"Broadview Networks Holdings, Inc."
LOWELL,"COMCAST CABLE COMMUNICATIONS, LLC"
LOWELL,"EarthLink Business, LLC"
LOWELL,"PAETEC Communications, Inc."
LOWELL,FirstLight Fiber
LOWELL,Verizon New England Inc.
LOWELL,GCI Communication Corp.
LOWELL,"HNS License Sub, LLC"
LOWELL,"VSAT Systems, LLC"
LUNENBURG,MCI Communications Corporation
LUNENBURG,"ViaSat, Inc."
LUNENBURG,U.S. TelePacific Corp.
LUNENBURG,"COMCAST CABLE COMMUNICATIONS, LLC"
LUNENBURG,Verizon New England Inc.
LUNENBURG,GCI Communication Corp.
LUNENBURG,"HNS License Sub, LLC"
LUNENBURG,"VSAT Systems, LLC"
LYNN,"XO Communications Services, LLC"
LYNN,MCI Communications Corporation
LYNN,"USAi.net, Inc."
LYNN,Crown Castle Fiber LLC
LYNN,"ViaSat, Inc."
LYNN,"TOWERSTREAM, INC."
LYNN,U.S. TelePacific Corp.
LYNN,"Broadview Networks Holdings, Inc."
LYNN,"COMCAST CABLE COMMUNICATIONS, LLC"
LYNN,"EarthLink Business, LLC"
LYNN,"PAETEC Communications, Inc."
LYNN,Verizon New England Inc.
LYNN,GCI Communication Corp.
LYNN,"HNS License Sub, LLC"
LYNN,"VSAT Systems, LLC"
LYNNFIELD,"XO Communications Services, LLC"
LYNNFIELD,MCI Communications Corporation
LYNNFIELD,"Level  3 Communications, LLC"
LYNNFIELD,Crown Castle Fiber LLC
LYNNFIELD,"ViaSat, Inc."
LYNNFIELD,U.S. TelePacific Corp.
LYNNFIELD,New Horizon Communications Group Inc
LYNNFIELD,"Broadview Networks Holdings, Inc."
LYNNFIELD,"COMCAST CABLE COMMUNICATIONS, LLC"
LYNNFIELD,"EarthLink Business, LLC"
LYNNFIELD,"PAETEC Communications, Inc."
LYNNFIELD,Verizon New England Inc.
LYNNFIELD,GCI Communication Corp.
LYNNFIELD,"HNS License Sub, LLC"
LYNNFIELD,"VSAT Systems, LLC"
MADAKET,Crown Castle Fiber LLC
MADAKET,"ViaSat, Inc."
MADAKET,"COMCAST CABLE COMMUNICATIONS, LLC"
MADAKET,Hilltown Networks
MADAKET,Verizon New England Inc.
MADAKET,GCI Communication Corp.
MADAKET,"HNS License Sub, LLC"
MADAKET,"VSAT Systems, LLC"
MALDEN,"XO Communications Services, LLC"
MALDEN,MCI Communications Corporation
MALDEN,"RCN Telecom Services of Massachusetts, LLC"
MALDEN,Crown Castle Fiber LLC
MALDEN,"ViaSat, Inc."
MALDEN,"TOWERSTREAM, INC."
MALDEN,XCHANGE TELECOM CORP.
MALDEN,U.S. TelePacific Corp.
MALDEN,netBlazr Inc.
MALDEN,Mitec Solutions LLC
MALDEN,"Broadview Networks Holdings, Inc."
MALDEN,"COMCAST CABLE COMMUNICATIONS, LLC"
MALDEN,"EarthLink Business, LLC"
MALDEN,"PAETEC Communications, Inc."
MALDEN,"Starry, Inc"
MALDEN,"Spectrotel, Inc."
MALDEN,Verizon New England Inc.
MALDEN,GCI Communication Corp.
MALDEN,"HNS License Sub, LLC"
MALDEN,"VSAT Systems, LLC"
MANSFIELD CENTER,MCI Communications Corporation
MANSFIELD CENTER,Crown Castle Fiber LLC
MANSFIELD CENTER,"ViaSat, Inc."
MANSFIELD CENTER,U.S. TelePacific Corp.
MANSFIELD CENTER,"Birch Communications, Inc."
MANSFIELD CENTER,"Broadview Networks Holdings, Inc."
MANSFIELD CENTER,Network Billing Systems LLC
MANSFIELD CENTER,"COMCAST CABLE COMMUNICATIONS, LLC"
MANSFIELD CENTER,"EarthLink Business, LLC"
MANSFIELD CENTER,"PAETEC Communications, Inc."
MANSFIELD CENTER,Verizon New England Inc.
MANSFIELD CENTER,GCI Communication Corp.
MANSFIELD CENTER,"HNS License Sub, LLC"
MANSFIELD CENTER,"VSAT Systems, LLC"
MARBLEHEAD,"XO Communications Services, LLC"
MARBLEHEAD,"ViaSat, Inc."
MARBLEHEAD,U.S. TelePacific Corp.
MARBLEHEAD,"Broadview Networks Holdings, Inc."
MARBLEHEAD,"COMCAST CABLE COMMUNICATIONS, LLC"
MARBLEHEAD,"PAETEC Communications, Inc."
MARBLEHEAD,Verizon New England Inc.
MARBLEHEAD,GCI Communication Corp.
MARBLEHEAD,"HNS License Sub, LLC"
MARBLEHEAD,"VSAT Systems, LLC"
MARION CENTER,MCI Communications Corporation
MARION CENTER,"ViaSat, Inc."
MARION CENTER,U.S. TelePacific Corp.
MARION CENTER,"Broadview Networks Holdings, Inc."
MARION CENTER,"COMCAST CABLE COMMUNICATIONS, LLC"
MARION CENTER,"PAETEC Communications, Inc."
MARION CENTER,Verizon New England Inc.
MARION CENTER,GCI Communication Corp.
MARION CENTER,"HNS License Sub, LLC"
MARION CENTER,"VSAT Systems, LLC"
MARLBOROUGH,"XO Communications Services, LLC"
MARLBOROUGH,MCI Communications Corporation
MARLBOROUGH,"Level  3 Communications, LLC"
MARLBOROUGH,"RCN Telecom Services of Massachusetts, LLC"
MARLBOROUGH,Crown Castle Fiber LLC
MARLBOROUGH,"ViaSat, Inc."
MARLBOROUGH,Cogent Communications Group
MARLBOROUGH,U.S. TelePacific Corp.
MARLBOROUGH,New Horizon Communications Group Inc
MARLBOROUGH,"Broadview Networks Holdings, Inc."
MARLBOROUGH,Network Billing Systems LLC
MARLBOROUGH,"COMCAST CABLE COMMUNICATIONS, LLC"
MARLBOROUGH,"EarthLink Business, LLC"
MARLBOROUGH,"PAETEC Communications, Inc."
MARLBOROUGH,"Spectrotel, Inc."
MARLBOROUGH,"Charter Communications, Inc."
MARLBOROUGH,Verizon New England Inc.
MARLBOROUGH,GCI Communication Corp.
MARLBOROUGH,"HNS License Sub, LLC"
MARLBOROUGH,"VSAT Systems, LLC"
MARSHFIELD,"ViaSat, Inc."
MARSHFIELD,U.S. TelePacific Corp.
MARSHFIELD,"COMCAST CABLE COMMUNICATIONS, LLC"
MARSHFIELD,Verizon New England Inc.
MARSHFIELD,GCI Communication Corp.
MARSHFIELD,"HNS License Sub, LLC"
MARSHFIELD,"VSAT Systems, LLC"
MARSHFIELD HILLS,MCI Communications Corporation
MARSHFIELD HILLS,"ViaSat, Inc."
MARSHFIELD HILLS,"Broadview Networks Holdings, Inc."
MARSHFIELD HILLS,"COMCAST CABLE COMMUNICATIONS, LLC"
MARSHFIELD HILLS,TCC Networks Inc
MARSHFIELD HILLS,Verizon New England Inc.
MARSHFIELD HILLS,GCI Communication Corp.
MARSHFIELD HILLS,"HNS License Sub, LLC"
MARSHFIELD HILLS,"VSAT Systems, LLC"
MATTAPOISETT CENTER,MCI Communications Corporation
MATTAPOISETT CENTER,"ViaSat, Inc."
MATTAPOISETT CENTER,U.S. TelePacific Corp.
MATTAPOISETT CENTER,"COMCAST CABLE COMMUNICATIONS, LLC"
MATTAPOISETT CENTER,"PAETEC Communications, Inc."
MATTAPOISETT CENTER,Verizon New England Inc.
MATTAPOISETT CENTER,GCI Communication Corp.
MATTAPOISETT CENTER,"HNS License Sub, LLC"
MATTAPOISETT CENTER,"VSAT Systems, LLC"
MAYNARD,MCI Communications Corporation
MAYNARD,Crown Castle Fiber LLC
MAYNARD,"ViaSat, Inc."
MAYNARD,U.S. TelePacific Corp.
MAYNARD,"COMCAST CABLE COMMUNICATIONS, LLC"
MAYNARD,"EarthLink Business, LLC"
MAYNARD,"PAETEC Communications, Inc."
MAYNARD,Verizon New England Inc.
MAYNARD,GCI Communication Corp.
MAYNARD,"HNS License Sub, LLC"
MAYNARD,"VSAT Systems, LLC"
MEDFIELD,MCI Communications Corporation
MEDFIELD,"ViaSat, Inc."
MEDFIELD,U.S. TelePacific Corp.
MEDFIELD,"Broadview Networks Holdings, Inc."
MEDFIELD,"COMCAST CABLE COMMUNICATIONS, LLC"
MEDFIELD,"PAETEC Communications, Inc."
MEDFIELD,Verizon New England Inc.
MEDFIELD,GCI Communication Corp.
MEDFIELD,"HNS License Sub, LLC"
MEDFIELD,"VSAT Systems, LLC"
MEDFORD,"XO Communications Services, LLC"
MEDFORD,MCI Communications Corporation
MEDFORD,"Level  3 Communications, LLC"
MEDFORD,"RCN Telecom Services of Massachusetts, LLC"
MEDFORD,Crown Castle Fiber LLC
MEDFORD,"ViaSat, Inc."
MEDFORD,"TOWERSTREAM, INC."
MEDFORD,Cogent Communications Group
MEDFORD,U.S. TelePacific Corp.
MEDFORD,netBlazr Inc.
MEDFORD,"Birch Communications, Inc."
MEDFORD,"Broadview Networks Holdings, Inc."
MEDFORD,Network Billing Systems LLC
MEDFORD,"COMCAST CABLE COMMUNICATIONS, LLC"
MEDFORD,"EarthLink Business, LLC"
MEDFORD,"PAETEC Communications, Inc."
MEDFORD,"Starry, Inc"
MEDFORD,"Spectrotel, Inc."
MEDFORD,Verizon New England Inc.
MEDFORD,GCI Communication Corp.
MEDFORD,"HNS License Sub, LLC"
MEDFORD,"VSAT Systems, LLC"
MELROSE,MCI Communications Corporation
MELROSE,"RCN Telecom Services of Massachusetts, LLC"
MELROSE,Crown Castle Fiber LLC
MELROSE,"ViaSat, Inc."
MELROSE,U.S. TelePacific Corp.
MELROSE,"Broadview Networks Holdings, Inc."
MELROSE,"COMCAST CABLE COMMUNICATIONS, LLC"
MELROSE,"PAETEC Communications, Inc."
MELROSE,"Starry, Inc"
MELROSE,Verizon New England Inc.
MELROSE,GCI Communication Corp.
MELROSE,"HNS License Sub, LLC"
MELROSE,"VSAT Systems, LLC"
METHUEN TOWN,"XO Communications Services, LLC"
METHUEN TOWN,MCI Communications Corporation
METHUEN TOWN,Crown Castle Fiber LLC
METHUEN TOWN,"ViaSat, Inc."
METHUEN TOWN,U.S. TelePacific Corp.
METHUEN TOWN,"NetFortris Acquisition Co., Inc."
METHUEN TOWN,"Birch Communications, Inc."
METHUEN TOWN,"Broadview Networks Holdings, Inc."
METHUEN TOWN,"COMCAST CABLE COMMUNICATIONS, LLC"
METHUEN TOWN,"EarthLink Business, LLC"
METHUEN TOWN,"PAETEC Communications, Inc."
METHUEN TOWN,Verizon New England Inc.
METHUEN TOWN,GCI Communication Corp.
METHUEN TOWN,"HNS License Sub, LLC"
METHUEN TOWN,"VSAT Systems, LLC"
MIDDLEBOROUGH CENTER,"ViaSat, Inc."
MIDDLEBOROUGH CENTER,U.S. TelePacific Corp.
MIDDLEBOROUGH CENTER,"Broadview Networks Holdings, Inc."
MIDDLEBOROUGH CENTER,"COMCAST CABLE COMMUNICATIONS, LLC"
MIDDLEBOROUGH CENTER,"PAETEC Communications, Inc."
MIDDLEBOROUGH CENTER,Verizon New England Inc.
MIDDLEBOROUGH CENTER,GCI Communication Corp.
MIDDLEBOROUGH CENTER,"HNS License Sub, LLC"
MIDDLEBOROUGH CENTER,"VSAT Systems, LLC"
MILFORD,"XO Communications Services, LLC"
MILFORD,MCI Communications Corporation
MILFORD,"Level  3 Communications, LLC"
MILFORD,Crown Castle Fiber LLC
MILFORD,"ViaSat, Inc."
MILFORD,U.S. TelePacific Corp.
MILFORD,New Horizon Communications Group Inc
MILFORD,"Broadview Networks Holdings, Inc."
MILFORD,"COMCAST CABLE COMMUNICATIONS, LLC"
MILFORD,"EarthLink Business, LLC"
MILFORD,"TailWind Voice & Data, Inc."
MILFORD,"PAETEC Communications, Inc."
MILFORD,"Charter Communications, Inc."
MILFORD,Verizon New England Inc.
MILFORD,GCI Communication Corp.
MILFORD,"HNS License Sub, LLC"
MILFORD,"VSAT Systems, LLC"
MILLIS-CLICQUOT,"ViaSat, Inc."
MILLIS-CLICQUOT,U.S. TelePacific Corp.
MILLIS-CLICQUOT,"Broadview Networks Holdings, Inc."
MILLIS-CLICQUOT,"COMCAST CABLE COMMUNICATIONS, LLC"
MILLIS-CLICQUOT,"PAETEC Communications, Inc."
MILLIS-CLICQUOT,Verizon New England Inc.
MILLIS-CLICQUOT,GCI Communication Corp.
MILLIS-CLICQUOT,"HNS License Sub, LLC"
MILLIS-CLICQUOT,"VSAT Systems, LLC"
MILTON,"XO Communications Services, LLC"
MILTON,MCI Communications Corporation
MILTON,"RCN Telecom Services of Massachusetts, LLC"
MILTON,Crown Castle Fiber LLC
MILTON,"ViaSat, Inc."
MILTON,U.S. TelePacific Corp.
MILTON,"COMCAST CABLE COMMUNICATIONS, LLC"
MILTON,"EarthLink Business, LLC"
MILTON,"PAETEC Communications, Inc."
MILTON,"Starry, Inc"
MILTON,Verizon New England Inc.
MILTON,GCI Communication Corp.
MILTON,"HNS License Sub, LLC"
MILTON,"VSAT Systems, LLC"
MONSON CENTER,MCI Communications Corporation
MONSON CENTER,Crown Castle Fiber LLC
MONSON CENTER,"ViaSat, Inc."
MONSON CENTER,U.S. TelePacific Corp.
MONSON CENTER,Taconic Telephone Corp.
MONSON CENTER,"COMCAST CABLE COMMUNICATIONS, LLC"
MONSON CENTER,"PAETEC Communications, Inc."
MONSON CENTER,"Charter Communications, Inc."
MONSON CENTER,Verizon New England Inc.
MONSON CENTER,GCI Communication Corp.
MONSON CENTER,"HNS License Sub, LLC"
MONSON CENTER,"VSAT Systems, LLC"
NAHANT,"XO Communications Services, LLC"
NAHANT,"ViaSat, Inc."
NAHANT,U.S. TelePacific Corp.
NAHANT,"COMCAST CABLE COMMUNICATIONS, LLC"
NAHANT,"EarthLink Business, LLC"
NAHANT,"PAETEC Communications, Inc."
NAHANT,Verizon New England Inc.
NAHANT,GCI Communication Corp.
NAHANT,"HNS License Sub, LLC"
NAHANT,"VSAT Systems, LLC"
NANTUCKET,MCI Communications Corporation
NANTUCKET,Crown Castle Fiber LLC
NANTUCKET,"ViaSat, Inc."
NANTUCKET,U.S. TelePacific Corp.
NANTUCKET,"COMCAST CABLE COMMUNICATIONS, LLC"
NANTUCKET,Hilltown Networks
NANTUCKET,"EarthLink Business, LLC"
NANTUCKET,"PAETEC Communications, Inc."
NANTUCKET,Verizon New England Inc.
NANTUCKET,GCI Communication Corp.
NANTUCKET,"HNS License Sub, LLC"
NANTUCKET,"VSAT Systems, LLC"
NEEDHAM,"XO Communications Services, LLC"
NEEDHAM,MCI Communications Corporation
NEEDHAM,"Level  3 Communications, LLC"
NEEDHAM,"Zayo Group, LLC"
NEEDHAM,"RCN Telecom Services of Massachusetts, LLC"
NEEDHAM,Crown Castle Fiber LLC
NEEDHAM,"ViaSat, Inc."
NEEDHAM,"TOWERSTREAM, INC."
NEEDHAM,"S-Net Communications, Inc."
NEEDHAM,Cogent Communications Group
NEEDHAM,U.S. TelePacific Corp.
NEEDHAM,"Broadview Networks Holdings, Inc."
NEEDHAM,"COMCAST CABLE COMMUNICATIONS, LLC"
NEEDHAM,TCC Networks Inc
NEEDHAM,"EarthLink Business, LLC"
NEEDHAM,"PAETEC Communications, Inc."
NEEDHAM,"Spectrotel, Inc."
NEEDHAM,Verizon New England Inc.
NEEDHAM,GCI Communication Corp.
NEEDHAM,"HNS License Sub, LLC"
NEEDHAM,"VSAT Systems, LLC"
NEW BEDFORD,"XO Communications Services, LLC"
NEW BEDFORD,MCI Communications Corporation
NEW BEDFORD,Crown Castle Fiber LLC
NEW BEDFORD,"ViaSat, Inc."
NEW BEDFORD,"TOWERSTREAM, INC."
NEW BEDFORD,U.S. TelePacific Corp.
NEW BEDFORD,"Broadview Networks Holdings, Inc."
NEW BEDFORD,"COMCAST CABLE COMMUNICATIONS, LLC"
NEW BEDFORD,"EarthLink Business, LLC"
NEW BEDFORD,"PAETEC Communications, Inc."
NEW BEDFORD,Verizon New England Inc.
NEW BEDFORD,GCI Communication Corp.
NEW BEDFORD,"HNS License Sub, LLC"
NEW BEDFORD,"VSAT Systems, LLC"
NEWBURYPORT,MCI Communications Corporation
NEWBURYPORT,"ViaSat, Inc."
NEWBURYPORT,U.S. TelePacific Corp.
NEWBURYPORT,"COMCAST CABLE COMMUNICATIONS, LLC"
NEWBURYPORT,"EarthLink Business, LLC"
NEWBURYPORT,"PAETEC Communications, Inc."
NEWBURYPORT,FirstLight Fiber
NEWBURYPORT,Verizon New England Inc.
NEWBURYPORT,GCI Communication Corp.
NEWBURYPORT,"HNS License Sub, LLC"
NEWBURYPORT,"VSAT Systems, LLC"
NEWTON,"XO Communications Services, LLC"
NEWTON,MCI Communications Corporation
NEWTON,"Level  3 Communications, LLC"
NEWTON,"Call One, Inc."
NEWTON,"RCN Telecom Services of Massachusetts, LLC"
NEWTON,Crown Castle Fiber LLC
NEWTON,"ViaSat, Inc."
NEWTON,"TOWERSTREAM, INC."
NEWTON,U.S. TelePacific Corp.
NEWTON,Taconic Telephone Corp.
NEWTON,"Broadview Networks Holdings, Inc."
NEWTON,"COMCAST CABLE COMMUNICATIONS, LLC"
NEWTON,TCC Networks Inc
NEWTON,"EarthLink Business, LLC"
NEWTON,"PAETEC Communications, Inc."
NEWTON,"Starry, Inc"
NEWTON,"Spectrotel, Inc."
NEWTON,Verizon New England Inc.
NEWTON,GCI Communication Corp.
NEWTON,"HNS License Sub, LLC"
NEWTON,"VSAT Systems, LLC"
NORTH ADAMS,"Level  3 Communications, LLC"
NORTH ADAMS,Crown Castle Fiber LLC
NORTH ADAMS,"ViaSat, Inc."
NORTH ADAMS,U.S. TelePacific Corp.
NORTH ADAMS,New Horizon Communications Group Inc
NORTH ADAMS,Taconic Telephone Corp.
NORTH ADAMS,"Broadview Networks Holdings, Inc."
NORTH ADAMS,"COMCAST CABLE COMMUNICATIONS, LLC"
NORTH ADAMS,"EarthLink Business, LLC"
NORTH ADAMS,"PAETEC Communications, Inc."
NORTH ADAMS,"Charter Communications, Inc."
NORTH ADAMS,Verizon New England Inc.
NORTH ADAMS,GCI Communication Corp.
NORTH ADAMS,"HNS License Sub, LLC"
NORTH ADAMS,"VSAT Systems, LLC"
NORTH BROOKFIELD,"ViaSat, Inc."
NORTH BROOKFIELD,U.S. TelePacific Corp.
NORTH BROOKFIELD,"PAETEC Communications, Inc."
NORTH BROOKFIELD,"Charter Communications, Inc."
NORTH BROOKFIELD,Verizon New England Inc.
NORTH BROOKFIELD,GCI Communication Corp.
NORTH BROOKFIELD,"HNS License Sub, LLC"
NORTH BROOKFIELD,"VSAT Systems, LLC"
NORTH LAKEVILLE,MCI Communications Corporation
NORTH LAKEVILLE,Crown Castle Fiber LLC
NORTH LAKEVILLE,"ViaSat, Inc."
NORTH LAKEVILLE,U.S. TelePacific Corp.
NORTH LAKEVILLE,"Broadview Networks Holdings, Inc."
NORTH LAKEVILLE,"COMCAST CABLE COMMUNICATIONS, LLC"
NORTH LAKEVILLE,"EarthLink Business, LLC"
NORTH LAKEVILLE,"TailWind Voice & Data, Inc."
NORTH LAKEVILLE,"PAETEC Communications, Inc."
NORTH LAKEVILLE,"Spectrotel, Inc."
NORTH LAKEVILLE,Verizon New England Inc.
NORTH LAKEVILLE,GCI Communication Corp.
NORTH LAKEVILLE,"HNS License Sub, LLC"
NORTH LAKEVILLE,"VSAT Systems, LLC"
NORTH PEMBROKE,"XO Communications Services, LLC"
NORTH PEMBROKE,MCI Communications Corporation
NORTH PEMBROKE,"Call One, Inc."
NORTH PEMBROKE,"ViaSat, Inc."
NORTH PEMBROKE,U.S. TelePacific Corp.
NORTH PEMBROKE,"COMCAST CABLE COMMUNICATIONS, LLC"
NORTH PEMBROKE,"EarthLink Business, LLC"
NORTH PEMBROKE,"PAETEC Communications, Inc."
NORTH PEMBROKE,"Spectrotel, Inc."
NORTH PEMBROKE,Verizon New England Inc.
NORTH PEMBROKE,GCI Communication Corp.
NORTH PEMBROKE,"HNS License Sub, LLC"
NORTH PEMBROKE,"VSAT Systems, LLC"
NORTH PLYMOUTH,MCI Communications Corporation
NORTH PLYMOUTH,"Level  3 Communications, LLC"
NORTH PLYMOUTH,"ViaSat, Inc."
NORTH PLYMOUTH,"COMCAST CABLE COMMUNICATIONS, LLC"
NORTH PLYMOUTH,"EarthLink Business, LLC"
NORTH PLYMOUTH,Verizon New England Inc.
NORTH PLYMOUTH,GCI Communication Corp.
NORTH PLYMOUTH,"HNS License Sub, LLC"
NORTH PLYMOUTH,"VSAT Systems, LLC"
NORTH SCITUATE,"ViaSat, Inc."
NORTH SCITUATE,"COMCAST CABLE COMMUNICATIONS, LLC"
NORTH SCITUATE,"PAETEC Communications, Inc."
NORTH SCITUATE,Verizon New England Inc.
NORTH SCITUATE,GCI Communication Corp.
NORTH SCITUATE,"HNS License Sub, LLC"
NORTH SCITUATE,"VSAT Systems, LLC"
NORTH SEEKONK,Crown Castle Fiber LLC
NORTH SEEKONK,"ViaSat, Inc."
NORTH SEEKONK,"Broadview Networks Holdings, Inc."
NORTH SEEKONK,"COMCAST CABLE COMMUNICATIONS, LLC"
NORTH SEEKONK,Verizon New England Inc.
NORTH SEEKONK,GCI Communication Corp.
NORTH SEEKONK,"HNS License Sub, LLC"
NORTH SEEKONK,"VSAT Systems, LLC"
NORTH WESTPORT,MCI Communications Corporation
NORTH WESTPORT,Crown Castle Fiber LLC
NORTH WESTPORT,"ViaSat, Inc."
NORTH WESTPORT,"COMCAST CABLE COMMUNICATIONS, LLC"
NORTH WESTPORT,"Spectrotel, Inc."
NORTH WESTPORT,"Charter Communications, Inc."
NORTH WESTPORT,Verizon New England Inc.
NORTH WESTPORT,GCI Communication Corp.
NORTH WESTPORT,"HNS License Sub, LLC"
NORTH WESTPORT,"VSAT Systems, LLC"
NORTHAMPTON,MCI Communications Corporation
NORTHAMPTON,Crown Castle Fiber LLC
NORTHAMPTON,"ViaSat, Inc."
NORTHAMPTON,U.S. TelePacific Corp.
NORTHAMPTON,New Horizon Communications Group Inc
NORTHAMPTON,"Broadview Networks Holdings, Inc."
NORTHAMPTON,"COMCAST CABLE COMMUNICATIONS, LLC"
NORTHAMPTON,TCC Networks Inc
NORTHAMPTON,"EarthLink Business, LLC"
NORTHAMPTON,"PAETEC Communications, Inc."
NORTHAMPTON,"Charter Communications, Inc."
NORTHAMPTON,Verizon New England Inc.
NORTHAMPTON,GCI Communication Corp.
NORTHAMPTON,"HNS License Sub, LLC"
NORTHAMPTON,"VSAT Systems, LLC"
NORTHBOROUGH,"XO Communications Services, LLC"
NORTHBOROUGH,MCI Communications Corporation
NORTHBOROUGH,"Level  3 Communications, LLC"
NORTHBOROUGH,Crown Castle Fiber LLC
NORTHBOROUGH,"ViaSat, Inc."
NORTHBOROUGH,U.S. TelePacific Corp.
NORTHBOROUGH,"Broadview Networks Holdings, Inc."
NORTHBOROUGH,"EarthLink Business, LLC"
NORTHBOROUGH,"PAETEC Communications, Inc."
NORTHBOROUGH,"Charter Communications, Inc."
NORTHBOROUGH,Verizon New England Inc.
NORTHBOROUGH,GCI Communication Corp.
NORTHBOROUGH,"HNS License Sub, LLC"
NORTHBOROUGH,"VSAT Systems, LLC"
NORTON CENTER,MCI Communications Corporation
NORTON CENTER,Crown Castle Fiber LLC
NORTON CENTER,"ViaSat, Inc."
NORTON CENTER,U.S. TelePacific Corp.
NORTON CENTER,"COMCAST CABLE COMMUNICATIONS, LLC"
NORTON CENTER,"EarthLink Business, LLC"
NORTON CENTER,"PAETEC Communications, Inc."
NORTON CENTER,Verizon New England Inc.
NORTON CENTER,GCI Communication Corp.
NORTON CENTER,"HNS License Sub, LLC"
NORTON CENTER,"VSAT Systems, LLC"
NORWOOD,"XO Communications Services, LLC"
NORWOOD,MCI Communications Corporation
NORWOOD,"Level  3 Communications, LLC"
NORWOOD,Crown Castle Fiber LLC
NORWOOD,"ViaSat, Inc."
NORWOOD,U.S. TelePacific Corp.
NORWOOD,"Birch Communications, Inc."
NORWOOD,"Broadview Networks Holdings, Inc."
NORWOOD,"COMCAST CABLE COMMUNICATIONS, LLC"
NORWOOD,"EarthLink Business, LLC"
NORWOOD,"PAETEC Communications, Inc."
NORWOOD,"Spectrotel, Inc."
NORWOOD,Verizon New England Inc.
NORWOOD,GCI Communication Corp.
NORWOOD,"HNS License Sub, LLC"
NORWOOD,"VSAT Systems, LLC"
OCEAN BLUFF-BRANT ROCK,"ViaSat, Inc."
OCEAN BLUFF-BRANT ROCK,"COMCAST CABLE COMMUNICATIONS, LLC"
OCEAN BLUFF-BRANT ROCK,Verizon New England Inc.
OCEAN BLUFF-BRANT ROCK,GCI Communication Corp.
OCEAN BLUFF-BRANT ROCK,"HNS License Sub, LLC"
OCEAN BLUFF-BRANT ROCK,"VSAT Systems, LLC"
OCEAN GROVE,"ViaSat, Inc."
OCEAN GROVE,"COMCAST CABLE COMMUNICATIONS, LLC"
OCEAN GROVE,Verizon New England Inc.
OCEAN GROVE,GCI Communication Corp.
OCEAN GROVE,"HNS License Sub, LLC"
OCEAN GROVE,"VSAT Systems, LLC"
ONSET,"ViaSat, Inc."
ONSET,"COMCAST CABLE COMMUNICATIONS, LLC"
ONSET,"EarthLink Business, LLC"
ONSET,Verizon New England Inc.
ONSET,GCI Communication Corp.
ONSET,"HNS License Sub, LLC"
ONSET,"VSAT Systems, LLC"
OXFORD,Crown Castle Fiber LLC
OXFORD,"ViaSat, Inc."
OXFORD,U.S. TelePacific Corp.
OXFORD,"PAETEC Communications, Inc."
OXFORD,"Charter Communications, Inc."
OXFORD,Verizon New England Inc.
OXFORD,GCI Communication Corp.
OXFORD,"HNS License Sub, LLC"
OXFORD,"VSAT Systems, LLC"
PALMER TOWN,MCI Communications Corporation
PALMER TOWN,Crown Castle Fiber LLC
PALMER TOWN,"ViaSat, Inc."
PALMER TOWN,U.S. TelePacific Corp.
PALMER TOWN,"COMCAST CABLE COMMUNICATIONS, LLC"
PALMER TOWN,"EarthLink Business, LLC"
PALMER TOWN,"PAETEC Communications, Inc."
PALMER TOWN,"Charter Communications, Inc."
PALMER TOWN,Verizon New England Inc.
PALMER TOWN,GCI Communication Corp.
PALMER TOWN,"HNS License Sub, LLC"
PALMER TOWN,"VSAT Systems, LLC"
PEABODY,"XO Communications Services, LLC"
PEABODY,MCI Communications Corporation
PEABODY,Crown Castle Fiber LLC
PEABODY,"ViaSat, Inc."
PEABODY,U.S. TelePacific Corp.
PEABODY,"Birch Communications, Inc."
PEABODY,"Broadview Networks Holdings, Inc."
PEABODY,Network Billing Systems LLC
PEABODY,"COMCAST CABLE COMMUNICATIONS, LLC"
PEABODY,"EarthLink Business, LLC"
PEABODY,"PAETEC Communications, Inc."
PEABODY,"Spectrotel, Inc."
PEABODY,Verizon New England Inc.
PEABODY,GCI Communication Corp.
PEABODY,"HNS License Sub, LLC"
PEABODY,"VSAT Systems, LLC"
PEPPERELL,"ViaSat, Inc."
PEPPERELL,U.S. TelePacific Corp.
PEPPERELL,"PAETEC Communications, Inc."
PEPPERELL,"Charter Communications, Inc."
PEPPERELL,Verizon New England Inc.
PEPPERELL,GCI Communication Corp.
PEPPERELL,"HNS License Sub, LLC"
PEPPERELL,"VSAT Systems, LLC"
PETERSHAM,MCI Communications Corporation
PETERSHAM,"ViaSat, Inc."
PETERSHAM,U.S. TelePacific Corp.
PETERSHAM,"COMCAST CABLE COMMUNICATIONS, LLC"
PETERSHAM,"PAETEC Communications, Inc."
PETERSHAM,"Charter Communications, Inc."
PETERSHAM,Verizon New England Inc.
PETERSHAM,GCI Communication Corp.
PETERSHAM,"HNS License Sub, LLC"
PETERSHAM,"VSAT Systems, LLC"
PINEHURST,"XO Communications Services, LLC"
PINEHURST,MCI Communications Corporation
PINEHURST,Crown Castle Fiber LLC
PINEHURST,"ViaSat, Inc."
PINEHURST,Cogent Communications Group
PINEHURST,U.S. TelePacific Corp.
PINEHURST,"COMCAST CABLE COMMUNICATIONS, LLC"
PINEHURST,"EarthLink Business, LLC"
PINEHURST,"PAETEC Communications, Inc."
PINEHURST,Verizon New England Inc.
PINEHURST,GCI Communication Corp.
PINEHURST,"HNS License Sub, LLC"
PINEHURST,"VSAT Systems, LLC"
PITTSFIELD,"XO Communications Services, LLC"
PITTSFIELD,MCI Communications Corporation
PITTSFIELD,"Level  3 Communications, LLC"
PITTSFIELD,"ViaSat, Inc."
PITTSFIELD,U.S. TelePacific Corp.
PITTSFIELD,Taconic Telephone Corp.
PITTSFIELD,"Broadview Networks Holdings, Inc."
PITTSFIELD,"COMCAST CABLE COMMUNICATIONS, LLC"
PITTSFIELD,"EarthLink Business, LLC"
PITTSFIELD,"PAETEC Communications, Inc."
PITTSFIELD,"Spectrotel, Inc."
PITTSFIELD,FirstLight Fiber
PITTSFIELD,"Charter Communications, Inc."
PITTSFIELD,Verizon New England Inc.
PITTSFIELD,GCI Communication Corp.
PITTSFIELD,"HNS License Sub, LLC"
PITTSFIELD,"VSAT Systems, LLC"
PLYMOUTH,MCI Communications Corporation
PLYMOUTH,"Level  3 Communications, LLC"
PLYMOUTH,"ViaSat, Inc."
PLYMOUTH,U.S. TelePacific Corp.
PLYMOUTH,New Horizon Communications Group Inc
PLYMOUTH,"COMCAST CABLE COMMUNICATIONS, LLC"
PLYMOUTH,"EarthLink Business, LLC"
PLYMOUTH,"PAETEC Communications, Inc."
PLYMOUTH,Verizon New England Inc.
PLYMOUTH,GCI Communication Corp.
PLYMOUTH,"HNS License Sub, LLC"
PLYMOUTH,"VSAT Systems, LLC"
QUINCY,"XO Communications Services, LLC"
QUINCY,MCI Communications Corporation
QUINCY,Business Only Broadband
QUINCY,"Level  3 Communications, LLC"
QUINCY,"RCN Telecom Services of Massachusetts, LLC"
QUINCY,Crown Castle Fiber LLC
QUINCY,"ViaSat, Inc."
QUINCY,"TOWERSTREAM, INC."
QUINCY,U.S. TelePacific Corp.
QUINCY,"Broadview Networks Holdings, Inc."
QUINCY,"COMCAST CABLE COMMUNICATIONS, LLC"
QUINCY,TCC Networks Inc
QUINCY,"EarthLink Business, LLC"
QUINCY,"PAETEC Communications, Inc."
QUINCY,"Starry, Inc"
QUINCY,Verizon New England Inc.
QUINCY,GCI Communication Corp.
QUINCY,"HNS License Sub, LLC"
QUINCY,"VSAT Systems, LLC"
RANDOLPH,MCI Communications Corporation
RANDOLPH,Crown Castle Fiber LLC
RANDOLPH,"ViaSat, Inc."
RANDOLPH,U.S. TelePacific Corp.
RANDOLPH,"Broadview Networks Holdings, Inc."
RANDOLPH,"COMCAST CABLE COMMUNICATIONS, LLC"
RANDOLPH,"EarthLink Business, LLC"
RANDOLPH,"McLeodUSA Telecommunications Services, L.L.C."
RANDOLPH,"PAETEC Communications, Inc."
RANDOLPH,Verizon New England Inc.
RANDOLPH,GCI Communication Corp.
RANDOLPH,"HNS License Sub, LLC"
RANDOLPH,"VSAT Systems, LLC"
RAYNHAM CENTER,MCI Communications Corporation
RAYNHAM CENTER,Crown Castle Fiber LLC
RAYNHAM CENTER,"ViaSat, Inc."
RAYNHAM CENTER,"COMCAST CABLE COMMUNICATIONS, LLC"
RAYNHAM CENTER,"EarthLink Business, LLC"
RAYNHAM CENTER,"PAETEC Communications, Inc."
RAYNHAM CENTER,"Spectrotel, Inc."
RAYNHAM CENTER,Verizon New England Inc.
RAYNHAM CENTER,GCI Communication Corp.
RAYNHAM CENTER,"HNS License Sub, LLC"
RAYNHAM CENTER,"VSAT Systems, LLC"
READING,"XO Communications Services, LLC"
READING,MCI Communications Corporation
READING,Crown Castle Fiber LLC
READING,"ViaSat, Inc."
READING,U.S. TelePacific Corp.
READING,"Broadview Networks Holdings, Inc."
READING,"COMCAST CABLE COMMUNICATIONS, LLC"
READING,"EarthLink Business, LLC"
READING,"PAETEC Communications, Inc."
READING,Verizon New England Inc.
READING,GCI Communication Corp.
READING,"HNS License Sub, LLC"
READING,"VSAT Systems, LLC"
REVERE,"XO Communications Services, LLC"
REVERE,MCI Communications Corporation
REVERE,"RCN Telecom Services of Massachusetts, LLC"
REVERE,Crown Castle Fiber LLC
REVERE,"ViaSat, Inc."
REVERE,"TOWERSTREAM, INC."
REVERE,U.S. TelePacific Corp.
REVERE,"Broadview Networks Holdings, Inc."
REVERE,"COMCAST CABLE COMMUNICATIONS, LLC"
REVERE,"EarthLink Business, LLC"
REVERE,"PAETEC Communications, Inc."
REVERE,"Starry, Inc"
REVERE,Verizon New England Inc.
REVERE,GCI Communication Corp.
REVERE,"HNS License Sub, LLC"
REVERE,"VSAT Systems, LLC"
ROCKPORT,"ViaSat, Inc."
ROCKPORT,U.S. TelePacific Corp.
ROCKPORT,"Birch Communications, Inc."
ROCKPORT,"COMCAST CABLE COMMUNICATIONS, LLC"
ROCKPORT,"PAETEC Communications, Inc."
ROCKPORT,Verizon New England Inc.
ROCKPORT,GCI Communication Corp.
ROCKPORT,"HNS License Sub, LLC"
ROCKPORT,"VSAT Systems, LLC"
ROWLEY,MCI Communications Corporation
ROWLEY,"ViaSat, Inc."
ROWLEY,CBTS Technology Solutions LLC
ROWLEY,U.S. TelePacific Corp.
ROWLEY,"Broadview Networks Holdings, Inc."
ROWLEY,"COMCAST CABLE COMMUNICATIONS, LLC"
ROWLEY,"EarthLink Business, LLC"
ROWLEY,"PAETEC Communications, Inc."
ROWLEY,FirstLight Fiber
ROWLEY,Verizon New England Inc.
ROWLEY,GCI Communication Corp.
ROWLEY,"HNS License Sub, LLC"
ROWLEY,"VSAT Systems, LLC"
RUTLAND,MCI Communications Corporation
RUTLAND,Crown Castle Fiber LLC
RUTLAND,"ViaSat, Inc."
RUTLAND,"COMCAST CABLE COMMUNICATIONS, LLC"
RUTLAND,"PAETEC Communications, Inc."
RUTLAND,"Charter Communications, Inc."
RUTLAND,Verizon New England Inc.
RUTLAND,GCI Communication Corp.
RUTLAND,"HNS License Sub, LLC"
RUTLAND,"VSAT Systems, LLC"
SALEM,"XO Communications Services, LLC"
SALEM,MCI Communications Corporation
SALEM,"Level  3 Communications, LLC"
SALEM,Crown Castle Fiber LLC
SALEM,"ViaSat, Inc."
SALEM,U.S. TelePacific Corp.
SALEM,"Broadview Networks Holdings, Inc."
SALEM,"COMCAST CABLE COMMUNICATIONS, LLC"
SALEM,"EarthLink Business, LLC"
SALEM,"PAETEC Communications, Inc."
SALEM,Verizon New England Inc.
SALEM,GCI Communication Corp.
SALEM,"HNS License Sub, LLC"
SALEM,"VSAT Systems, LLC"
SALISBURY,MCI Communications Corporation
SALISBURY,"Level  3 Communications, LLC"
SALISBURY,"ViaSat, Inc."
SALISBURY,U.S. TelePacific Corp.
SALISBURY,"COMCAST CABLE COMMUNICATIONS, LLC"
SALISBURY,"EarthLink Business, LLC"
SALISBURY,"PAETEC Communications, Inc."
SALISBURY,Verizon New England Inc.
SALISBURY,GCI Communication Corp.
SALISBURY,"HNS License Sub, LLC"
SALISBURY,"VSAT Systems, LLC"
SAUGUS,"XO Communications Services, LLC"
SAUGUS,MCI Communications Corporation
SAUGUS,"RCN Telecom Services of Massachusetts, LLC"
SAUGUS,Crown Castle Fiber LLC
SAUGUS,"ViaSat, Inc."
SAUGUS,U.S. TelePacific Corp.
SAUGUS,"Broadview Networks Holdings, Inc."
SAUGUS,"COMCAST CABLE COMMUNICATIONS, LLC"
SAUGUS,"EarthLink Business, LLC"
SAUGUS,"PAETEC Communications, Inc."
SAUGUS,Verizon New England Inc.
SAUGUS,GCI Communication Corp.
SAUGUS,"HNS License Sub, LLC"
SAUGUS,"VSAT Systems, LLC"
SCITUATE,"ViaSat, Inc."
SCITUATE,U.S. TelePacific Corp.
SCITUATE,"COMCAST CABLE COMMUNICATIONS, LLC"
SCITUATE,"Spectrotel, Inc."
SCITUATE,Verizon New England Inc.
SCITUATE,GCI Communication Corp.
SCITUATE,"HNS License Sub, LLC"
SCITUATE,"VSAT Systems, LLC"
SHARON,MCI Communications Corporation
SHARON,Crown Castle Fiber LLC
SHARON,"ViaSat, Inc."
SHARON,U.S. TelePacific Corp.
SHARON,Taconic Telephone Corp.
SHARON,"Broadview Networks Holdings, Inc."
SHARON,"COMCAST CABLE COMMUNICATIONS, LLC"
SHARON,"EarthLink Business, LLC"
SHARON,"PAETEC Communications, Inc."
SHARON,Verizon New England Inc.
SHARON,GCI Communication Corp.
SHARON,"HNS License Sub, LLC"
SHARON,"VSAT Systems, LLC"
SMITH MILLS,"XO Communications Services, LLC"
SMITH MILLS,MCI Communications Corporation
SMITH MILLS,Crown Castle Fiber LLC
SMITH MILLS,"ViaSat, Inc."
SMITH MILLS,U.S. TelePacific Corp.
SMITH MILLS,"COMCAST CABLE COMMUNICATIONS, LLC"
SMITH MILLS,"EarthLink Business, LLC"
SMITH MILLS,"PAETEC Communications, Inc."
SMITH MILLS,"Charter Communications, Inc."
SMITH MILLS,Verizon New England Inc.
SMITH MILLS,GCI Communication Corp.
SMITH MILLS,"HNS License Sub, LLC"
SMITH MILLS,"VSAT Systems, LLC"
SOMERSET,MCI Communications Corporation
SOMERSET,"ViaSat, Inc."
SOMERSET,U.S. TelePacific Corp.
SOMERSET,"COMCAST CABLE COMMUNICATIONS, LLC"
SOMERSET,"EarthLink Business, LLC"
SOMERSET,"PAETEC Communications, Inc."
SOMERSET,Verizon New England Inc.
SOMERSET,GCI Communication Corp.
SOMERSET,"HNS License Sub, LLC"
SOMERSET,"VSAT Systems, LLC"
SOMERVILLE,"XO Communications Services, LLC"
SOMERVILLE,MCI Communications Corporation
SOMERVILLE,Business Only Broadband
SOMERVILLE,"Level  3 Communications, LLC"
SOMERVILLE,"Zayo Group, LLC"
SOMERVILLE,CRC Communications LLC
SOMERVILLE,"RCN Telecom Services of Massachusetts, LLC"
SOMERVILLE,Crown Castle Fiber LLC
SOMERVILLE,"ViaSat, Inc."
SOMERVILLE,"TOWERSTREAM, INC."
SOMERVILLE,Cogent Communications Group
SOMERVILLE,U.S. TelePacific Corp.
SOMERVILLE,Taconic Telephone Corp.
SOMERVILLE,netBlazr Inc.
SOMERVILLE,"Broadview Networks Holdings, Inc."
SOMERVILLE,"COMCAST CABLE COMMUNICATIONS, LLC"
SOMERVILLE,TCC Networks Inc
SOMERVILLE,"EarthLink Business, LLC"
SOMERVILLE,"PAETEC Communications, Inc."
SOMERVILLE,"Starry, Inc"
SOMERVILLE,FirstLight Fiber
SOMERVILLE,Verizon New England Inc.
SOMERVILLE,GCI Communication Corp.
SOMERVILLE,"HNS License Sub, LLC"
SOMERVILLE,"VSAT Systems, LLC"
SOUTH AMHERST,"ViaSat, Inc."
SOUTH AMHERST,"COMCAST CABLE COMMUNICATIONS, LLC"
SOUTH AMHERST,Verizon New England Inc.
SOUTH AMHERST,GCI Communication Corp.
SOUTH AMHERST,"HNS License Sub, LLC"
SOUTH AMHERST,"VSAT Systems, LLC"
SOUTH ASHBURNHAM,MCI Communications Corporation
SOUTH ASHBURNHAM,UNITED STATES CELLULAR CORPORATION
SOUTH ASHBURNHAM,"ViaSat, Inc."
SOUTH ASHBURNHAM,U.S. TelePacific Corp.
SOUTH ASHBURNHAM,"COMCAST CABLE COMMUNICATIONS, LLC"
SOUTH ASHBURNHAM,"PAETEC Communications, Inc."
SOUTH ASHBURNHAM,Verizon New England Inc.
SOUTH ASHBURNHAM,GCI Communication Corp.
SOUTH ASHBURNHAM,"HNS License Sub, LLC"
SOUTH ASHBURNHAM,"VSAT Systems, LLC"
SOUTH LANCASTER,MCI Communications Corporation
SOUTH LANCASTER,Crown Castle Fiber LLC
SOUTH LANCASTER,"ViaSat, Inc."
SOUTH LANCASTER,U.S. TelePacific Corp.
SOUTH LANCASTER,"COMCAST CABLE COMMUNICATIONS, LLC"
SOUTH LANCASTER,"EarthLink Business, LLC"
SOUTH LANCASTER,"PAETEC Communications, Inc."
SOUTH LANCASTER,Verizon New England Inc.
SOUTH LANCASTER,GCI Communication Corp.
SOUTH LANCASTER,"HNS License Sub, LLC"
SOUTH LANCASTER,"VSAT Systems, LLC"
SOUTHBRIDGE TOWN,"XO Communications Services, LLC"
SOUTHBRIDGE TOWN,MCI Communications Corporation
SOUTHBRIDGE TOWN,"ViaSat, Inc."
SOUTHBRIDGE TOWN,U.S. TelePacific Corp.
SOUTHBRIDGE TOWN,"Broadview Networks Holdings, Inc."
SOUTHBRIDGE TOWN,"COMCAST CABLE COMMUNICATIONS, LLC"
SOUTHBRIDGE TOWN,"EarthLink Business, LLC"
SOUTHBRIDGE TOWN,"PAETEC Communications, Inc."
SOUTHBRIDGE TOWN,"Charter Communications, Inc."
SOUTHBRIDGE TOWN,Verizon New England Inc.
SOUTHBRIDGE TOWN,GCI Communication Corp.
SOUTHBRIDGE TOWN,"HNS License Sub, LLC"
SOUTHBRIDGE TOWN,"VSAT Systems, LLC"
SOUTHFIELD,"XO Communications Services, LLC"
SOUTHFIELD,MCI Communications Corporation
SOUTHFIELD,Crown Castle Fiber LLC
SOUTHFIELD,"ViaSat, Inc."
SOUTHFIELD,U.S. TelePacific Corp.
SOUTHFIELD,"Broadview Networks Holdings, Inc."
SOUTHFIELD,"COMCAST CABLE COMMUNICATIONS, LLC"
SOUTHFIELD,"EarthLink Business, LLC"
SOUTHFIELD,Verizon New England Inc.
SOUTHFIELD,GCI Communication Corp.
SOUTHFIELD,"HNS License Sub, LLC"
SOUTHFIELD,"VSAT Systems, LLC"
SPENCER,MCI Communications Corporation
SPENCER,"ViaSat, Inc."
SPENCER,"PAETEC Communications, Inc."
SPENCER,"Charter Communications, Inc."
SPENCER,Verizon New England Inc.
SPENCER,GCI Communication Corp.
SPENCER,"HNS License Sub, LLC"
SPENCER,"VSAT Systems, LLC"
SPRINGFIELD,"XO Communications Services, LLC"
SPRINGFIELD,MCI Communications Corporation
SPRINGFIELD,"Level  3 Communications, LLC"
SPRINGFIELD,CRC Communications LLC
SPRINGFIELD,Crown Castle Fiber LLC
SPRINGFIELD,"ViaSat, Inc."
SPRINGFIELD,City of Holyoke Gas & Electric Department
SPRINGFIELD,U.S. TelePacific Corp.
SPRINGFIELD,New Horizon Communications Group Inc
SPRINGFIELD,"Broadview Networks Holdings, Inc."
SPRINGFIELD,Network Billing Systems LLC
SPRINGFIELD,"COMCAST CABLE COMMUNICATIONS, LLC"
SPRINGFIELD,"EarthLink Business, LLC"
SPRINGFIELD,"PAETEC Communications, Inc."
SPRINGFIELD,"Spectrotel, Inc."
SPRINGFIELD,"Charter Communications, Inc."
SPRINGFIELD,Verizon New England Inc.
SPRINGFIELD,GCI Communication Corp.
SPRINGFIELD,"HNS License Sub, LLC"
SPRINGFIELD,"VSAT Systems, LLC"
STONEHAM,"XO Communications Services, LLC"
STONEHAM,MCI Communications Corporation
STONEHAM,"RCN Telecom Services of Massachusetts, LLC"
STONEHAM,Crown Castle Fiber LLC
STONEHAM,"ViaSat, Inc."
STONEHAM,U.S. TelePacific Corp.
STONEHAM,"Broadview Networks Holdings, Inc."
STONEHAM,"COMCAST CABLE COMMUNICATIONS, LLC"
STONEHAM,"EarthLink Business, LLC"
STONEHAM,"PAETEC Communications, Inc."
STONEHAM,Verizon New England Inc.
STONEHAM,GCI Communication Corp.
STONEHAM,"HNS License Sub, LLC"
STONEHAM,"VSAT Systems, LLC"
STURBRIDGE,MCI Communications Corporation
STURBRIDGE,Crown Castle Fiber LLC
STURBRIDGE,"ViaSat, Inc."
STURBRIDGE,"EarthLink Business, LLC"
STURBRIDGE,"PAETEC Communications, Inc."
STURBRIDGE,"Charter Communications, Inc."
STURBRIDGE,Verizon New England Inc.
STURBRIDGE,GCI Communication Corp.
STURBRIDGE,"HNS License Sub, LLC"
STURBRIDGE,"VSAT Systems, LLC"
SWAMPSCOTT,"XO Communications Services, LLC"
SWAMPSCOTT,Crown Castle Fiber LLC
SWAMPSCOTT,"ViaSat, Inc."
SWAMPSCOTT,U.S. TelePacific Corp.
SWAMPSCOTT,"COMCAST CABLE COMMUNICATIONS, LLC"
SWAMPSCOTT,"EarthLink Business, LLC"
SWAMPSCOTT,"Spectrotel, Inc."
SWAMPSCOTT,Verizon New England Inc.
SWAMPSCOTT,GCI Communication Corp.
SWAMPSCOTT,"HNS License Sub, LLC"
SWAMPSCOTT,"VSAT Systems, LLC"
TAUNTON,"XO Communications Services, LLC"
TAUNTON,MCI Communications Corporation
TAUNTON,"Level  3 Communications, LLC"
TAUNTON,Crown Castle Fiber LLC
TAUNTON,"ViaSat, Inc."
TAUNTON,U.S. TelePacific Corp.
TAUNTON,"Broadview Networks Holdings, Inc."
TAUNTON,"COMCAST CABLE COMMUNICATIONS, LLC"
TAUNTON,"EarthLink Business, LLC"
TAUNTON,"PAETEC Communications, Inc."
TAUNTON,Verizon New England Inc.
TAUNTON,GCI Communication Corp.
TAUNTON,"HNS License Sub, LLC"
TAUNTON,"VSAT Systems, LLC"
THE PINEHILLS,MCI Communications Corporation
THE PINEHILLS,"ViaSat, Inc."
THE PINEHILLS,"COMCAST CABLE COMMUNICATIONS, LLC"
THE PINEHILLS,"PAETEC Communications, Inc."
THE PINEHILLS,Verizon New England Inc.
THE PINEHILLS,GCI Communication Corp.
THE PINEHILLS,"HNS License Sub, LLC"
THE PINEHILLS,"VSAT Systems, LLC"
TOPSFIELD,MCI Communications Corporation
TOPSFIELD,Crown Castle Fiber LLC
TOPSFIELD,"ViaSat, Inc."
TOPSFIELD,U.S. TelePacific Corp.
TOPSFIELD,"Birch Communications, Inc."
TOPSFIELD,"COMCAST CABLE COMMUNICATIONS, LLC"
TOPSFIELD,"EarthLink Business, LLC"
TOPSFIELD,"PAETEC Communications, Inc."
TOPSFIELD,FirstLight Fiber
TOPSFIELD,Verizon New England Inc.
TOPSFIELD,GCI Communication Corp.
TOPSFIELD,"HNS License Sub, LLC"
TOPSFIELD,"VSAT Systems, LLC"
TOWNSEND,MCI Communications Corporation
TOWNSEND,UNITED STATES CELLULAR CORPORATION
TOWNSEND,"ViaSat, Inc."
TOWNSEND,U.S. TelePacific Corp.
TOWNSEND,"COMCAST CABLE COMMUNICATIONS, LLC"
TOWNSEND,"PAETEC Communications, Inc."
TOWNSEND,"Charter Communications, Inc."
TOWNSEND,Verizon New England Inc.
TOWNSEND,GCI Communication Corp.
TOWNSEND,"HNS License Sub, LLC"
TOWNSEND,"VSAT Systems, LLC"
UPTON,Crown Castle Fiber LLC
UPTON,"ViaSat, Inc."
UPTON,"TOWERSTREAM, INC."
UPTON,"COMCAST CABLE COMMUNICATIONS, LLC"
UPTON,"PAETEC Communications, Inc."
UPTON,"Charter Communications, Inc."
UPTON,Verizon New England Inc.
UPTON,GCI Communication Corp.
UPTON,"HNS License Sub, LLC"
UPTON,"VSAT Systems, LLC"
VINEYARD HAVEN,MCI Communications Corporation
VINEYARD HAVEN,"ViaSat, Inc."
VINEYARD HAVEN,U.S. TelePacific Corp.
VINEYARD HAVEN,"COMCAST CABLE COMMUNICATIONS, LLC"
VINEYARD HAVEN,"PAETEC Communications, Inc."
VINEYARD HAVEN,Verizon New England Inc.
VINEYARD HAVEN,GCI Communication Corp.
VINEYARD HAVEN,"HNS License Sub, LLC"
VINEYARD HAVEN,"VSAT Systems, LLC"
WAKEFIELD,"XO Communications Services, LLC"
WAKEFIELD,MCI Communications Corporation
WAKEFIELD,"Level  3 Communications, LLC"
WAKEFIELD,"RCN Telecom Services of Massachusetts, LLC"
WAKEFIELD,Crown Castle Fiber LLC
WAKEFIELD,"ViaSat, Inc."
WAKEFIELD,"TOWERSTREAM, INC."
WAKEFIELD,U.S. TelePacific Corp.
WAKEFIELD,"Birch Communications, Inc."
WAKEFIELD,"Broadview Networks Holdings, Inc."
WAKEFIELD,"COMCAST CABLE COMMUNICATIONS, LLC"
WAKEFIELD,"EarthLink Business, LLC"
WAKEFIELD,"PAETEC Communications, Inc."
WAKEFIELD,Verizon New England Inc.
WAKEFIELD,GCI Communication Corp.
WAKEFIELD,"HNS License Sub, LLC"
WAKEFIELD,"VSAT Systems, LLC"
WALPOLE,MCI Communications Corporation
WALPOLE,"Level  3 Communications, LLC"
WALPOLE,Crown Castle Fiber LLC
WALPOLE,"ViaSat, Inc."
WALPOLE,U.S. TelePacific Corp.
WALPOLE,New Horizon Communications Group Inc
WALPOLE,"Broadview Networks Holdings, Inc."
WALPOLE,"COMCAST CABLE COMMUNICATIONS, LLC"
WALPOLE,"EarthLink Business, LLC"
WALPOLE,"PAETEC Communications, Inc."
WALPOLE,"Spectrotel, Inc."
WALPOLE,Verizon New England Inc.
WALPOLE,GCI Communication Corp.
WALPOLE,"HNS License Sub, LLC"
WALPOLE,"VSAT Systems, LLC"
WALTHAM,"XO Communications Services, LLC"
WALTHAM,MCI Communications Corporation
WALTHAM,"Level  3 Communications, LLC"
WALTHAM,"Zayo Group, LLC"
WALTHAM,"RCN Telecom Services of Massachusetts, LLC"
WALTHAM,Crown Castle Fiber LLC
WALTHAM,"ViaSat, Inc."
WALTHAM,"TOWERSTREAM, INC."
WALTHAM,Cogent Communications Group
WALTHAM,U.S. TelePacific Corp.
WALTHAM,New Horizon Communications Group Inc
WALTHAM,"Broadview Networks Holdings, Inc."
WALTHAM,"COMCAST CABLE COMMUNICATIONS, LLC"
WALTHAM,"BullsEye Telecom, Inc."
WALTHAM,"EarthLink Business, LLC"
WALTHAM,"PAETEC Communications, Inc."
WALTHAM,American Telephone Company LLC
WALTHAM,"Spectrotel, Inc."
WALTHAM,Verizon New England Inc.
WALTHAM,GCI Communication Corp.
WALTHAM,"HNS License Sub, LLC"
WALTHAM,"VSAT Systems, LLC"
WARE,MCI Communications Corporation
WARE,"ViaSat, Inc."
WARE,U.S. TelePacific Corp.
WARE,"COMCAST CABLE COMMUNICATIONS, LLC"
WARE,"EarthLink Business, LLC"
WARE,"Spectrotel, Inc."
WARE,"Charter Communications, Inc."
WARE,Verizon New England Inc.
WARE,GCI Communication Corp.
WARE,"HNS License Sub, LLC"
WARE,"VSAT Systems, LLC"
WAREHAM CENTER,"ViaSat, Inc."
WAREHAM CENTER,U.S. TelePacific Corp.
WAREHAM CENTER,"COMCAST CABLE COMMUNICATIONS, LLC"
WAREHAM CENTER,"PAETEC Communications, Inc."
WAREHAM CENTER,Verizon New England Inc.
WAREHAM CENTER,GCI Communication Corp.
WAREHAM CENTER,"HNS License Sub, LLC"
WAREHAM CENTER,"VSAT Systems, LLC"
WARREN,MCI Communications Corporation
WARREN,"Level  3 Communications, LLC"
WARREN,Crown Castle Fiber LLC
WARREN,"ViaSat, Inc."
WARREN,U.S. TelePacific Corp.
WARREN,"COMCAST CABLE COMMUNICATIONS, LLC"
WARREN,"Charter Communications, Inc."
WARREN,Verizon New England Inc.
WARREN,GCI Communication Corp.
WARREN,"HNS License Sub, LLC"
WARREN,"VSAT Systems, LLC"
WATERTOWN TOWN,"XO Communications Services, LLC"
WATERTOWN TOWN,MCI Communications Corporation
WATERTOWN TOWN,"Level  3 Communications, LLC"
WATERTOWN TOWN,"RCN Telecom Services of Massachusetts, LLC"
WATERTOWN TOWN,Crown Castle Fiber LLC
WATERTOWN TOWN,"ViaSat, Inc."
WATERTOWN TOWN,"TOWERSTREAM, INC."
WATERTOWN TOWN,U.S. TelePacific Corp.
WATERTOWN TOWN,netBlazr Inc.
WATERTOWN TOWN,"Broadview Networks Holdings, Inc."
WATERTOWN TOWN,"COMCAST CABLE COMMUNICATIONS, LLC"
WATERTOWN TOWN,"EarthLink Business, LLC"
WATERTOWN TOWN,"PAETEC Communications, Inc."
WATERTOWN TOWN,"Starry, Inc"
WATERTOWN TOWN,Verizon New England Inc.
WATERTOWN TOWN,GCI Communication Corp.
WATERTOWN TOWN,"HNS License Sub, LLC"
WATERTOWN TOWN,"VSAT Systems, LLC"
WEBSTER,"XO Communications Services, LLC"
WEBSTER,MCI Communications Corporation
WEBSTER,"ViaSat, Inc."
WEBSTER,U.S. TelePacific Corp.
WEBSTER,"Telefonica USA, Inc."
WEBSTER,"Broadview Networks Holdings, Inc."
WEBSTER,"COMCAST CABLE COMMUNICATIONS, LLC"
WEBSTER,"EarthLink Business, LLC"
WEBSTER,"PAETEC Communications, Inc."
WEBSTER,"Charter Communications, Inc."
WEBSTER,Verizon New England Inc.
WEBSTER,GCI Communication Corp.
WEBSTER,"HNS License Sub, LLC"
WEBSTER,"VSAT Systems, LLC"
WELLESLEY,MCI Communications Corporation
WELLESLEY,"Level  3 Communications, LLC"
WELLESLEY,"RCN Telecom Services of Massachusetts, LLC"
WELLESLEY,Crown Castle Fiber LLC
WELLESLEY,"ViaSat, Inc."
WELLESLEY,"TOWERSTREAM, INC."
WELLESLEY,U.S. TelePacific Corp.
WELLESLEY,"Broadview Networks Holdings, Inc."
WELLESLEY,"COMCAST CABLE COMMUNICATIONS, LLC"
WELLESLEY,"EarthLink Business, LLC"
WELLESLEY,"PAETEC Communications, Inc."
WELLESLEY,"Spectrotel, Inc."
WELLESLEY,Verizon New England Inc.
WELLESLEY,GCI Communication Corp.
WELLESLEY,"HNS License Sub, LLC"
WELLESLEY,"VSAT Systems, LLC"
WEST BROOKFIELD,"ViaSat, Inc."
WEST BROOKFIELD,U.S. TelePacific Corp.
WEST BROOKFIELD,"COMCAST CABLE COMMUNICATIONS, LLC"
WEST BROOKFIELD,"EarthLink Business, LLC"
WEST BROOKFIELD,"Charter Communications, Inc."
WEST BROOKFIELD,Verizon New England Inc.
WEST BROOKFIELD,GCI Communication Corp.
WEST BROOKFIELD,"HNS License Sub, LLC"
WEST BROOKFIELD,"VSAT Systems, LLC"
WEST CONCORD,Concord Light Broadband
WEST CONCORD,"XO Communications Services, LLC"
WEST CONCORD,MCI Communications Corporation
WEST CONCORD,"Level  3 Communications, LLC"
WEST CONCORD,Crown Castle Fiber LLC
WEST CONCORD,"ViaSat, Inc."
WEST CONCORD,U.S. TelePacific Corp.
WEST CONCORD,"COMCAST CABLE COMMUNICATIONS, LLC"
WEST CONCORD,"EarthLink Business, LLC"
WEST CONCORD,"PAETEC Communications, Inc."
WEST CONCORD,Verizon New England Inc.
WEST CONCORD,GCI Communication Corp.
WEST CONCORD,"HNS License Sub, LLC"
WEST CONCORD,"VSAT Systems, LLC"
WEST SPRINGFIELD TOWN,"XO Communications Services, LLC"
WEST SPRINGFIELD TOWN,MCI Communications Corporation
WEST SPRINGFIELD TOWN,"Level  3 Communications, LLC"
WEST SPRINGFIELD TOWN,Crown Castle Fiber LLC
WEST SPRINGFIELD TOWN,"ViaSat, Inc."
WEST SPRINGFIELD TOWN,City of Holyoke Gas & Electric Department
WEST SPRINGFIELD TOWN,U.S. TelePacific Corp.
WEST SPRINGFIELD TOWN,"Broadview Networks Holdings, Inc."
WEST SPRINGFIELD TOWN,"COMCAST CABLE COMMUNICATIONS, LLC"
WEST SPRINGFIELD TOWN,"EarthLink Business, LLC"
WEST SPRINGFIELD TOWN,"PAETEC Communications, Inc."
WEST SPRINGFIELD TOWN,"Spectrotel, Inc."
WEST SPRINGFIELD TOWN,"Charter Communications, Inc."
WEST SPRINGFIELD TOWN,Verizon New England Inc.
WEST SPRINGFIELD TOWN,GCI Communication Corp.
WEST SPRINGFIELD TOWN,"HNS License Sub, LLC"
WEST SPRINGFIELD TOWN,"VSAT Systems, LLC"
WEST WAREHAM,MCI Communications Corporation
WEST WAREHAM,"ViaSat, Inc."
WEST WAREHAM,U.S. TelePacific Corp.
WEST WAREHAM,"Broadview Networks Holdings, Inc."
WEST WAREHAM,"COMCAST CABLE COMMUNICATIONS, LLC"
WEST WAREHAM,"EarthLink Business, LLC"
WEST WAREHAM,"PAETEC Communications, Inc."
WEST WAREHAM,Verizon New England Inc.
WEST WAREHAM,GCI Communication Corp.
WEST WAREHAM,"HNS License Sub, LLC"
WEST WAREHAM,"VSAT Systems, LLC"
WESTBOROUGH,MCI Communications Corporation
WESTBOROUGH,Crown Castle Fiber LLC
WESTBOROUGH,"ViaSat, Inc."
WESTBOROUGH,"Broadview Networks Holdings, Inc."
WESTBOROUGH,"EarthLink Business, LLC"
WESTBOROUGH,"PAETEC Communications, Inc."
WESTBOROUGH,"Charter Communications, Inc."
WESTBOROUGH,Verizon New England Inc.
WESTBOROUGH,GCI Communication Corp.
WESTBOROUGH,"HNS License Sub, LLC"
WESTBOROUGH,"VSAT Systems, LLC"
WESTFIELD,MCI Communications Corporation
WESTFIELD,"Level  3 Communications, LLC"
WESTFIELD,Westfield Gas & Electric
WESTFIELD,CRC Communications LLC
WESTFIELD,Crown Castle Fiber LLC
WESTFIELD,"ViaSat, Inc."
WESTFIELD,U.S. TelePacific Corp.
WESTFIELD,"COMCAST CABLE COMMUNICATIONS, LLC"
WESTFIELD,TCC Networks Inc
WESTFIELD,"EarthLink Business, LLC"
WESTFIELD,"PAETEC Communications, Inc."
WESTFIELD,"Spectrotel, Inc."
WESTFIELD,"Charter Communications, Inc."
WESTFIELD,Verizon New England Inc.
WESTFIELD,GCI Communication Corp.
WESTFIELD,"HNS License Sub, LLC"
WESTFIELD,"VSAT Systems, LLC"
WEYMOUTH TOWN,MCI Communications Corporation
WEYMOUTH TOWN,Crown Castle Fiber LLC
WEYMOUTH TOWN,"ViaSat, Inc."
WEYMOUTH TOWN,"TOWERSTREAM, INC."
WEYMOUTH TOWN,U.S. TelePacific Corp.
WEYMOUTH TOWN,"Broadview Networks Holdings, Inc."
WEYMOUTH TOWN,"COMCAST CABLE COMMUNICATIONS, LLC"
WEYMOUTH TOWN,"EarthLink Business, LLC"
WEYMOUTH TOWN,"PAETEC Communications, Inc."
WEYMOUTH TOWN,"Spectrotel, Inc."
WEYMOUTH TOWN,Verizon New England Inc.
WEYMOUTH TOWN,GCI Communication Corp.
WEYMOUTH TOWN,"HNS License Sub, LLC"
WEYMOUTH TOWN,"VSAT Systems, LLC"
WHITINSVILLE,MCI Communications Corporation
WHITINSVILLE,"ViaSat, Inc."
WHITINSVILLE,U.S. TelePacific Corp.
WHITINSVILLE,"COMCAST CABLE COMMUNICATIONS, LLC"
WHITINSVILLE,"EarthLink Business, LLC"
WHITINSVILLE,"PAETEC Communications, Inc."
WHITINSVILLE,"Charter Communications, Inc."
WHITINSVILLE,Verizon New England Inc.
WHITINSVILLE,GCI Communication Corp.
WHITINSVILLE,"HNS License Sub, LLC"
WHITINSVILLE,"VSAT Systems, LLC"
WILBRAHAM,"XO Communications Services, LLC"
WILBRAHAM,Crown Castle Fiber LLC
WILBRAHAM,"ViaSat, Inc."
WILBRAHAM,U.S. TelePacific Corp.
WILBRAHAM,Taconic Telephone Corp.
WILBRAHAM,"Broadview Networks Holdings, Inc."
WILBRAHAM,"COMCAST CABLE COMMUNICATIONS, LLC"
WILBRAHAM,"EarthLink Business, LLC"
WILBRAHAM,"PAETEC Communications, Inc."
WILBRAHAM,"Charter Communications, Inc."
WILBRAHAM,Verizon New England Inc.
WILBRAHAM,GCI Communication Corp.
WILBRAHAM,"HNS License Sub, LLC"
WILBRAHAM,"VSAT Systems, LLC"
WILLIAMSTOWN,MCI Communications Corporation
WILLIAMSTOWN,Crown Castle Fiber LLC
WILLIAMSTOWN,"ViaSat, Inc."
WILLIAMSTOWN,U.S. TelePacific Corp.
WILLIAMSTOWN,City of Burlington d/b/a Burlington Telecom
WILLIAMSTOWN,Taconic Telephone Corp.
WILLIAMSTOWN,"PAETEC Communications, Inc."
WILLIAMSTOWN,Hudson Valley Wireless
WILLIAMSTOWN,FirstLight Fiber
WILLIAMSTOWN,"Charter Communications, Inc."
WILLIAMSTOWN,Verizon New England Inc.
WILLIAMSTOWN,GCI Communication Corp.
WILLIAMSTOWN,"HNS License Sub, LLC"
WILLIAMSTOWN,"VSAT Systems, LLC"
WILMINGTON,"XO Communications Services, LLC"
WILMINGTON,MCI Communications Corporation
WILMINGTON,"Level  3 Communications, LLC"
WILMINGTON,"USAi.net, Inc."
WILMINGTON,Crown Castle Fiber LLC
WILMINGTON,"ViaSat, Inc."
WILMINGTON,"TOWERSTREAM, INC."
WILMINGTON,U.S. TelePacific Corp.
WILMINGTON,"Broadview Networks Holdings, Inc."
WILMINGTON,Network Billing Systems LLC
WILMINGTON,"COMCAST CABLE COMMUNICATIONS, LLC"
WILMINGTON,"EarthLink Business, LLC"
WILMINGTON,"TailWind Voice & Data, Inc."
WILMINGTON,"McLeodUSA Telecommunications Services, L.L.C."
WILMINGTON,"PAETEC Communications, Inc."
WILMINGTON,Verizon New England Inc.
WILMINGTON,GCI Communication Corp.
WILMINGTON,"HNS License Sub, LLC"
WILMINGTON,"VSAT Systems, LLC"
WINCHENDON,MCI Communications Corporation
WINCHENDON,UNITED STATES CELLULAR CORPORATION
WINCHENDON,"ViaSat, Inc."
WINCHENDON,WiValley Inc
WINCHENDON,U.S. TelePacific Corp.
WINCHENDON,"Broadview Networks Holdings, Inc."
WINCHENDON,"COMCAST CABLE COMMUNICATIONS, LLC"
WINCHENDON,"PAETEC Communications, Inc."
WINCHENDON,"Charter Communications, Inc."
WINCHENDON,Verizon New England Inc.
WINCHENDON,GCI Communication Corp.
WINCHENDON,"HNS License Sub, LLC"
WINCHENDON,"VSAT Systems, LLC"
WINCHESTER,MCI Communications Corporation
WINCHESTER,"RCN Telecom Services of Massachusetts, LLC"
WINCHESTER,Crown Castle Fiber LLC
WINCHESTER,"ViaSat, Inc."
WINCHESTER,U.S. TelePacific Corp.
WINCHESTER,"COMCAST CABLE COMMUNICATIONS, LLC"
WINCHESTER,"EarthLink Business, LLC"
WINCHESTER,"PAETEC Communications, Inc."
WINCHESTER,Verizon New England Inc.
WINCHESTER,GCI Communication Corp.
WINCHESTER,"HNS License Sub, LLC"
WINCHESTER,"VSAT Systems, LLC"
WINTHROP TOWN,MCI Communications Corporation
WINTHROP TOWN,"ViaSat, Inc."
WINTHROP TOWN,"TOWERSTREAM, INC."
WINTHROP TOWN,U.S. TelePacific Corp.
WINTHROP TOWN,"Broadview Networks Holdings, Inc."
WINTHROP TOWN,"COMCAST CABLE COMMUNICATIONS, LLC"
WINTHROP TOWN,Verizon New England Inc.
WINTHROP TOWN,GCI Communication Corp.
WINTHROP TOWN,"HNS License Sub, LLC"
WINTHROP TOWN,"VSAT Systems, LLC"
WOBURN,"XO Communications Services, LLC"
WOBURN,MCI Communications Corporation
WOBURN,"Level  3 Communications, LLC"
WOBURN,"Call One, Inc."
WOBURN,"RCN Telecom Services of Massachusetts, LLC"
WOBURN,Crown Castle Fiber LLC
WOBURN,"ViaSat, Inc."
WOBURN,"TOWERSTREAM, INC."
WOBURN,U.S. TelePacific Corp.
WOBURN,New Horizon Communications Group Inc
WOBURN,"Birch Communications, Inc."
WOBURN,"Broadview Networks Holdings, Inc."
WOBURN,"COMCAST CABLE COMMUNICATIONS, LLC"
WOBURN,"EarthLink Business, LLC"
WOBURN,"TailWind Voice & Data, Inc."
WOBURN,"PAETEC Communications, Inc."
WOBURN,"MassComm, Inc. d/b/a MASS Communications"
WOBURN,FirstLight Fiber
WOBURN,Verizon New England Inc.
WOBURN,GCI Communication Corp.
WOBURN,"HNS License Sub, LLC"
WOBURN,"VSAT Systems, LLC"
WORCESTER,"XO Communications Services, LLC"
WORCESTER,MCI Communications Corporation
WORCESTER,"Level  3 Communications, LLC"
WORCESTER,Crown Castle Fiber LLC
WORCESTER,"ViaSat, Inc."
WORCESTER,Cogent Communications Group
WORCESTER,U.S. TelePacific Corp.
WORCESTER,New Horizon Communications Group Inc
WORCESTER,"California Telecom, Inc."
WORCESTER,"Broadview Networks Holdings, Inc."
WORCESTER,"COMCAST CABLE COMMUNICATIONS, LLC"
WORCESTER,TCC Networks Inc
WORCESTER,"EarthLink Carrier, LLC"
WORCESTER,"EarthLink Business, LLC"
WORCESTER,"McLeodUSA Telecommunications Services, L.L.C."
WORCESTER,"PAETEC Communications, Inc."
WORCESTER,"Spectrotel, Inc."
WORCESTER,"Charter Communications, Inc."
WORCESTER,Verizon New England Inc.
WORCESTER,GCI Communication Corp.
WORCESTER,"HNS License Sub, LLC"
WORCESTER,"VSAT Systems, LLC"
